https://encrypted-tbn0.gstatic.com/images?q=tbn%3AANd9GcT8N0_85xt2v8r3uuVFINFQenWH34pEJ4ROMnUoreKfCM6laF0G&usqp=CAU,Afritada/Kaldereta
https://encrypted-tbn0.gstatic.com/images?q=tbn%3AANd9GcQg6be_q9QzJTyVrfEJ9WVuNWfVGeJWriuFDsSfcaiImGXP0O3O&usqp=CAU,Afritada/Kaldereta
https://encrypted-tbn0.gstatic.com/images?q=tbn%3AANd9GcR9Y9NCKt0N0F5_hv0q0QNgI-vUAlcm9xrgjwI4ALINJx7br03P&usqp=CAU,Afritada/Kaldereta
https://encrypted-tbn0.gstatic.com/images?q=tbn%3AANd9GcRFNyIykDIS3Y85_PMTpDBCUZNXIBDc8ASXjoIk72Al-JSrfruJ&usqp=CAU,Afritada/Kaldereta
https://encrypted-tbn0.gstatic.com/images?q=tbn%3AANd9GcSDImLdeoHSOV96yAGs2h5-duB6QZJx2WjKAnUhaHTuQAR_I5Yf&usqp=CAU,Afritada/Kaldereta
https://encrypted-tbn0.gstatic.com/images?q=tbn%3AANd9GcQm_ZBC3TLN3v-iDkTxLUTlOLxj-Il-Mhi25-jhrFXsSR-sOY4x&usqp=CAU,Afritada/Kaldereta
https://encrypted-tbn0.gstatic.com/images?q=tbn%3AANd9GcSXgaRTNxjvqxQZiZ_e0tlzc349RZ__BOykb5r-CnkPq7Ce9P5n&usqp=CAU,Afritada/Kaldereta
https://encrypted-tbn0.gstatic.com/images?q=tbn%3AANd9GcRIj-ygrY3_guzkbV7ayScQu-1QZ9Evb1CV8mAlRWNJZqpE8hvJ&usqp=CAU,Afritada/Kaldereta
https://encrypted-tbn0.gstatic.com/images?q=tbn%3AANd9GcS4DzTP2ymqPe9EfB2wzHznFQH7KJsrH04_fiLj21dEM75OsHWB&usqp=CAU,Afritada/Kaldereta
https://encrypted-tbn0.gstatic.com/images?q=tbn%3AANd9GcS1P0DJoqsOt3xFQF5ufxMDVzVBpA7460bXV1-cNIj3NlmiUbsI&usqp=CAU,Afritada/Kaldereta
https://encrypted-tbn0.gstatic.com/images?q=tbn%3AANd9GcRJntgl-geo0s-jDKXe0N6ssq0Luozsr--V2nlMFSTTGzanAuBq&usqp=CAU,Afritada/Kaldereta
https://encrypted-tbn0.gstatic.com/images?q=tbn%3AANd9GcS4M1HaAJY8BVGWmveDYXnIrbAm1weIdGaTEWyAPSekIdpY5p4e&usqp=CAU,Afritada/Kaldereta
https://encrypted-tbn0.gstatic.com/images?q=tbn%3AANd9GcQzC1gHmic2Zn7jWHZ7u1cRafu1vbqE7BCjIfk3aq0re4iUWIbX&usqp=CAU,Afritada/Kaldereta
https://encrypted-tbn0.gstatic.com/images?q=tbn%3AANd9GcS4Ikvfu8690w9f0HiofZDkgeqOL661aEiKgMO7AnOr9ZK4gxdb&usqp=CAU,Afritada/Kaldereta
https://encrypted-tbn0.gstatic.com/images?q=tbn%3AANd9GcQ-loMhEFXDvCpJx6qJUQT4yInsoWOIVKvNFaLfNmRIawzLeTaI&usqp=CAU,Afritada/Kaldereta
https://encrypted-tbn0.gstatic.com/images?q=tbn%3AANd9GcSrUtL3iu1VF5mycT3iCJ72ycCXWojyTXIHIoUk1yUgkpyNN-FU&usqp=CAU,Afritada/Kaldereta
https://encrypted-tbn0.gstatic.com/images?q=tbn%3AANd9GcQkX5XOq77c7EBLWLVSQzSonU3QTogrnt9RsrLXH1CE7xvMxInN&usqp=CAU,Afritada/Kaldereta
https://encrypted-tbn0.gstatic.com/images?q=tbn%3AANd9GcRg4mF0I3BKPN08-D1uGS5bH-BFSUbv3XtDIZinHXsWwPHX_OZF&usqp=CAU,Afritada/Kaldereta
https://encrypted-tbn0.gstatic.com/images?q=tbn%3AANd9GcQbFS_aDYKdgv0QDJNX4TbpJfgWxletb8j5SI7vRbgB7si0hDzY&usqp=CAU,Afritada/Kaldereta
https://encrypted-tbn0.gstatic.com/images?q=tbn%3AANd9GcQ8wcvdzCkLvcun2WJ4TQWdPX1OQNUo_vuweSL0h60Wx_eer15_&usqp=CAU,Afritada/Kaldereta
https://encrypted-tbn0.gstatic.com/images?q=tbn%3AANd9GcRunn2ruLv_X267KbeYqPV8h-DXJsqn_hGJSxfRdHVSFhp7FICe&usqp=CAU,Afritada/Kaldereta
https://encrypted-tbn0.gstatic.com/images?q=tbn%3AANd9GcTfVxlPiVZyTgC_bRe-aXDrhdzf3pTg3hVp6o-Ev9wyoks1hOBx&usqp=CAU,Afritada/Kaldereta
https://encrypted-tbn0.gstatic.com/images?q=tbn%3AANd9GcQQjDQSmcZHrvOJCxvLLBg_sngVkuRP3MhNTyjQu_8OjY0x-y1J&usqp=CAU,Afritada/Kaldereta
https://encrypted-tbn0.gstatic.com/images?q=tbn%3AANd9GcQTwNhCWLlJ_IY8beV-Co2CAME1zJaqiEcGXmk1FlXURhwySMy_&usqp=CAU,Afritada/Kaldereta
https://encrypted-tbn0.gstatic.com/images?q=tbn%3AANd9GcS78L8U-wf8x_bcR0vvMTpiXWgHkV9hGnPu3V-0NvrAqF7JouSs&usqp=CAU,Afritada/Kaldereta
https://encrypted-tbn0.gstatic.com/images?q=tbn%3AANd9GcTw4p75z9i127ucgpCxz9EysLg1fUAzJTeW123kYbeNfuj7BmB7&usqp=CAU,Afritada/Kaldereta
https://encrypted-tbn0.gstatic.com/images?q=tbn%3AANd9GcS6nZ49gdTQkjFNJlypWFY2eSO0_uzpuWEx_UndzR6nvOJrjGjG&usqp=CAU,Afritada/Kaldereta
https://encrypted-tbn0.gstatic.com/images?q=tbn%3AANd9GcSQko_D8cByMduTEGnMuJa6zgJUcGMJHvxv-wwpnmqxAnds_rSN&usqp=CAU,Afritada/Kaldereta
https://encrypted-tbn0.gstatic.com/images?q=tbn%3AANd9GcQzMO7_r4GIpp8qAah2eDFXG4VgZol679mALzj5F8qoXSMYd6nq&usqp=CAU,Afritada/Kaldereta
https://encrypted-tbn0.gstatic.com/images?q=tbn%3AANd9GcSFhyh6UyyR_6n_O8EqPSWwnjyvoQODCB5-Rd6Z678wklx8Vjvh&usqp=CAU,Afritada/Kaldereta
https://encrypted-tbn0.gstatic.com/images?q=tbn%3AANd9GcSZ6t48_bmun-arA12dKIM8RnLs72PF89b2qli0b_Tkq72Co51-&usqp=CAU,Afritada/Kaldereta
https://encrypted-tbn0.gstatic.com/images?q=tbn%3AANd9GcQrmSAXbo0BpHkZFDEuDuraNfenybEbV6kB8UuhkR7UHvtmwL3b&usqp=CAU,Afritada/Kaldereta
https://encrypted-tbn0.gstatic.com/images?q=tbn%3AANd9GcQaLZ00TFDcHQE1Av1nteuq5eMlqOqz4Ktk4nwUf0y12a68Iu3m&usqp=CAU,Afritada/Kaldereta
https://encrypted-tbn0.gstatic.com/images?q=tbn%3AANd9GcRpgz-6geOpkIgwqGZKphnf_P1dRmrc-5ib1YCe5HkK2VlQiNVr&usqp=CAU,Afritada/Kaldereta
https://encrypted-tbn0.gstatic.com/images?q=tbn%3AANd9GcSeWTpp8h-3utl7ZZZg2ynTHLEya5oTHmsAtz4B4O69QvX6mFDF&usqp=CAU,Afritada/Kaldereta
https://encrypted-tbn0.gstatic.com/images?q=tbn%3AANd9GcShsB7JSe8GMW1UA9jOvl7_DKcXG3BvebmwqlMRNWpc_EqpzjUe&usqp=CAU,Afritada/Kaldereta
https://encrypted-tbn0.gstatic.com/images?q=tbn%3AANd9GcRGddP09HEcBq3moFOjaK3SnoJoAGC5ala0TQKs6cXDaFSmj-Z9&usqp=CAU,Afritada/Kaldereta
https://encrypted-tbn0.gstatic.com/images?q=tbn%3AANd9GcRFINX_CUBqOk1tiOoMwsEtv91YvqN9EL55KCC5yNR5-5L7mefG&usqp=CAU,Afritada/Kaldereta
https://encrypted-tbn0.gstatic.com/images?q=tbn%3AANd9GcS6a_lukg8LcuD7SbaUYkEBAXsiUZDtunQQqoXRMjcqxBLTqNgV&usqp=CAU,Afritada/Kaldereta
https://encrypted-tbn0.gstatic.com/images?q=tbn%3AANd9GcSEAa1OiFXhYdBqEOlNqPOGJv-4K3Gt4W7kVHLhF03cn3q0YwbL&usqp=CAU,Afritada/Kaldereta
https://encrypted-tbn0.gstatic.com/images?q=tbn%3AANd9GcRq3tdfh9L4t3ILUl6t3xBKMIXbZzRghpLXEnRfDROw5VHU2pHO&usqp=CAU,Afritada/Kaldereta
https://encrypted-tbn0.gstatic.com/images?q=tbn%3AANd9GcQYuFqGSdG5NCSrVyc0aqyPxkl6DsPt4edikkLtQ1Hg8stHEHZP&usqp=CAU,Afritada/Kaldereta
https://encrypted-tbn0.gstatic.com/images?q=tbn%3AANd9GcQTkz7_LKGMLbC7r-GWpy6ficONjJE-xA2_oKWextNovHpa1CnE&usqp=CAU,Afritada/Kaldereta
https://encrypted-tbn0.gstatic.com/images?q=tbn%3AANd9GcSOfaaWC42ogHLcFGiV_uTJ_X5L8QosXXaQjyYEafwHC49xfbow&usqp=CAU,Afritada/Kaldereta
https://encrypted-tbn0.gstatic.com/images?q=tbn%3AANd9GcQ8t3Pu16etV0ghtID2XaGGWBZ5whvCeX9LLs9I1vTBKeUXf4Xb&usqp=CAU,Afritada/Kaldereta
https://encrypted-tbn0.gstatic.com/images?q=tbn%3AANd9GcRooO9JdSD9XrmipoC5V_1GtMlQZdtpnFE3H_VvqK7bK5OstXtU&usqp=CAU,Afritada/Kaldereta
https://encrypted-tbn0.gstatic.com/images?q=tbn%3AANd9GcSR3YDc4fKTHiT9NbqnoB8gIBPu1nCyfH0jls0pxyvuGO78Bjo7&usqp=CAU,Afritada/Kaldereta
https://encrypted-tbn0.gstatic.com/images?q=tbn%3AANd9GcSGvpfgT9clLB078TTRL6kpuhpYR76vPIOjCEo6rEDPbxXV93PF&usqp=CAU,Afritada/Kaldereta
https://encrypted-tbn0.gstatic.com/images?q=tbn%3AANd9GcTB7jhsT95Ccn89z73urhF8Q2MTrNK8Ys6nIhN56KRYHOJI6OG6&usqp=CAU,Afritada/Kaldereta
https://encrypted-tbn0.gstatic.com/images?q=tbn%3AANd9GcScrfKeT386rTqFBm-uQmO-DpM-DQyETQwSuvP2jwG0nIGyl_sv&usqp=CAU,Afritada/Kaldereta
https://encrypted-tbn0.gstatic.com/images?q=tbn%3AANd9GcR_Kf4jgfBf0tdqskHXITloCVHUKY1ttcCR1_AmX134K1r75sGH&usqp=CAU,Afritada/Kaldereta
https://encrypted-tbn0.gstatic.com/images?q=tbn%3AANd9GcRyD7FqAdmzALh41gW-IYJnepzMEToCzWWCSOCIKRgvOLreAIqw&usqp=CAU,Afritada/Kaldereta
https://encrypted-tbn0.gstatic.com/images?q=tbn%3AANd9GcSIvHOxuEc7DoZqVoiidf4FIsf4sLL-CLvsMZp45lY8UthSDC7i&usqp=CAU,Afritada/Kaldereta
https://encrypted-tbn0.gstatic.com/images?q=tbn%3AANd9GcTLJaEng0N2CJFifYxImYQhJMbYUKIkcBZz4XQl_9gRyKD7AQ4c&usqp=CAU,Afritada/Kaldereta
https://encrypted-tbn0.gstatic.com/images?q=tbn%3AANd9GcSuW0z_kh7eulxyxxltZYW063f3-KEBV35zP820yXqrcdD249dp&usqp=CAU,Afritada/Kaldereta
https://encrypted-tbn0.gstatic.com/images?q=tbn%3AANd9GcT39nNDjcGdyKMpJXS0op9Fa95x2w7mhc8Qxx7GJDQdUW3oA1PS&usqp=CAU,Afritada/Kaldereta
https://encrypted-tbn0.gstatic.com/images?q=tbn%3AANd9GcTS1LR5zlRNjINNGD1JJKw58JsXzAvlTW97qEe71aqn_tc6PWaq&usqp=CAU,Afritada/Kaldereta
https://encrypted-tbn0.gstatic.com/images?q=tbn%3AANd9GcRq6ohR0Nfh4FBlVzA1UJvNtaAbz_9Ls5a8mo77tCTiFmno9pr7&usqp=CAU,Afritada/Kaldereta
https://encrypted-tbn0.gstatic.com/images?q=tbn%3AANd9GcQQuCYVa2BmyoD-wYhP3OrDwNPY6ejgUmspUfOsBBt3KTeLeEto&usqp=CAU,Afritada/Kaldereta
https://encrypted-tbn0.gstatic.com/images?q=tbn%3AANd9GcRifZIXq1WAvjS4xrDOq0H6YkkDUZUJFT1-XYi3cy27m3Ovf8W3&usqp=CAU,Afritada/Kaldereta
https://encrypted-tbn0.gstatic.com/images?q=tbn%3AANd9GcScvEZ8FxLBpyshm1hMiTbDmXO8LezzizmhoByySELVMg2NCZ0z&usqp=CAU,Afritada/Kaldereta
https://encrypted-tbn0.gstatic.com/images?q=tbn%3AANd9GcS6D7viPKSuRfJqpuLcq0DqaCtkW8R70u2vkGUApZcHHSKXQJVB&usqp=CAU,Afritada/Kaldereta
https://encrypted-tbn0.gstatic.com/images?q=tbn%3AANd9GcT-Kt1JFnAAX9TqPbMNtPxmmskpezmvWC3vBIokxZvF8WEyRVOg&usqp=CAU,Afritada/Kaldereta
https://encrypted-tbn0.gstatic.com/images?q=tbn%3AANd9GcQ-MOPJr6N9psrg7EjMeyYd0v5gzjC_wQbdCI08MCgvRqcp7ceY&usqp=CAU,Afritada/Kaldereta
https://encrypted-tbn0.gstatic.com/images?q=tbn%3AANd9GcQwGfiwAqQFidsDBk3urgAdqULLNdC0q1aJD_4AVeCg5uLk3DNd&usqp=CAU,Afritada/Kaldereta
https://encrypted-tbn0.gstatic.com/images?q=tbn%3AANd9GcR4zZLlw9KFLU6uJniGtNwPCqTfOCqNtYpbgxyU-21ui_n-Al_g&usqp=CAU,Afritada/Kaldereta
https://encrypted-tbn0.gstatic.com/images?q=tbn%3AANd9GcQJenOj-hUrFZbG3PBEpXzobTqfHS8tf4ZRMNhZMTA3OD_YHfdJ&usqp=CAU,Afritada/Kaldereta
https://encrypted-tbn0.gstatic.com/images?q=tbn%3AANd9GcTiPwr_s-zuW_pXdYn8nfYwneL14ya_Fabu9ySdRWjRvPMxXLSO&usqp=CAU,Afritada/Kaldereta
https://encrypted-tbn0.gstatic.com/images?q=tbn%3AANd9GcR91SEtjwh_Ki6JTF_7D0cbMKIGrKEj3F3P9eG1rX7HVKOErhds&usqp=CAU,Afritada/Kaldereta
https://encrypted-tbn0.gstatic.com/images?q=tbn%3AANd9GcQ62OH2vKtJRgK9R_KnuwS_KTrdrnWmJN0pKsy3RaLSENRkraUi&usqp=CAU,Afritada/Kaldereta
https://encrypted-tbn0.gstatic.com/images?q=tbn%3AANd9GcQS-N79qjsWlUI3g4pSw_odY2fEorxM6QVG3x0ljhmVWfDfFrbm&usqp=CAU,Afritada/Kaldereta
https://encrypted-tbn0.gstatic.com/images?q=tbn%3AANd9GcSAJdb2OqGqbHW3yHDdDwO8BGHvRklNBoA3mC82wx_vMEwhe_KL&usqp=CAU,Afritada/Kaldereta
https://encrypted-tbn0.gstatic.com/images?q=tbn%3AANd9GcTJ5YPppXLBJJZs__4JU0sSXWRw4zdwwBnXijUwPteUQqMSwGoH&usqp=CAU,Afritada/Kaldereta
https://encrypted-tbn0.gstatic.com/images?q=tbn%3AANd9GcRBhR4YU1s1Myez1it_q4R7ILIiIzLy-2WWaANP7ccLpwj4AFUb&usqp=CAU,Afritada/Kaldereta
https://encrypted-tbn0.gstatic.com/images?q=tbn%3AANd9GcTgAXggcCS9kV37loLtOjGxu_hMngboKhJCCLu3M7WAU_3zCAPn&usqp=CAU,Afritada/Kaldereta
https://encrypted-tbn0.gstatic.com/images?q=tbn%3AANd9GcQhn3ncBSWUXPecKql6xfhOAeNXN4ruf73VV2KcAV9YZjIawbao&usqp=CAU,Afritada/Kaldereta
https://encrypted-tbn0.gstatic.com/images?q=tbn%3AANd9GcSTa62KNAIXMZht1hC_53U8P_qL7EDFs-mpbyxdKC7WqO9ziVkj&usqp=CAU,Afritada/Kaldereta
https://encrypted-tbn0.gstatic.com/images?q=tbn%3AANd9GcTk9PM1nDVJYx-6IbGIwqrsfiWtQC0MPbYHTibcmo-0b-QhtZ9j&usqp=CAU,Afritada/Kaldereta
https://encrypted-tbn0.gstatic.com/images?q=tbn%3AANd9GcQk3N9AuFnKpggCnXhQm7NrDl5PnAYzHA76gAkQEUHI_u_RsBvj&usqp=CAU,Afritada/Kaldereta
https://encrypted-tbn0.gstatic.com/images?q=tbn%3AANd9GcR6GYz7UydQM4abtGEEhB8t8VYCyhs3d7dhVjYBg2KN0_-umlC3&usqp=CAU,Afritada/Kaldereta
https://encrypted-tbn0.gstatic.com/images?q=tbn%3AANd9GcRgC9bwMzcMfw9yCf-g8nuzvvx-7wzorM6W7u3nOwvcD0wNhs-K&usqp=CAU,Afritada/Kaldereta
https://encrypted-tbn0.gstatic.com/images?q=tbn%3AANd9GcRbCSpVEIWmGC5B1BW_J5Q85I7RbEGkp2cZO7foFeuiubKXlFK7&usqp=CAU,Afritada/Kaldereta
https://encrypted-tbn0.gstatic.com/images?q=tbn%3AANd9GcQB0P500LqH_8vdEV6hUSWLSiAcRHPvyLtnj6vMGG6LN2GlMox2&usqp=CAU,Afritada/Kaldereta
https://encrypted-tbn0.gstatic.com/images?q=tbn%3AANd9GcSciXvghssgfMKwG446stKXyONd-QspZIm9ObnUbmwZlbWVXhCy&usqp=CAU,Afritada/Kaldereta
https://encrypted-tbn0.gstatic.com/images?q=tbn%3AANd9GcSD3ho_LE3xKcsveVI8I89SdqQtEGmD70Foq8CQch1_AwJLvwJC&usqp=CAU,Afritada/Kaldereta
https://encrypted-tbn0.gstatic.com/images?q=tbn%3AANd9GcRrmDKQqABa3UPVslKj0vNPW-QtINF193TX-tjndtt3489JU95f&usqp=CAU,Afritada/Kaldereta
https://encrypted-tbn0.gstatic.com/images?q=tbn%3AANd9GcRqE5C08Ag98qQcCrRaELqaoDbyscQr38DSchq4QcYnBjch93N_&usqp=CAU,Afritada/Kaldereta
https://encrypted-tbn0.gstatic.com/images?q=tbn%3AANd9GcTvK7P1Bf0OWr4J9y_Q6SsbA6v7X52MC7AoPbsvTmFIksu1Gyfb&usqp=CAU,Afritada/Kaldereta
https://encrypted-tbn0.gstatic.com/images?q=tbn%3AANd9GcR6Ui_JPZDK-j-hQh836m6EPLmQRic3Q7IKxKizTK7mnfPhCVXb&usqp=CAU,Afritada/Kaldereta
https://encrypted-tbn0.gstatic.com/images?q=tbn%3AANd9GcSr-0cHYDsjfvEOwf6dcxIjsGblpUA3vIxFp01XftE0AAU5d1AV&usqp=CAU,Afritada/Kaldereta
https://encrypted-tbn0.gstatic.com/images?q=tbn%3AANd9GcR0LUW1rzVPuObWjJeBjkyLxHNn-jw8u_mynDODQfusRkAswsLB&usqp=CAU,Afritada/Kaldereta
https://encrypted-tbn0.gstatic.com/images?q=tbn%3AANd9GcQfMV0Jril-gYokQZMZpTxfECXjxctZ3TzdMTrb39C44vuC37hw&usqp=CAU,Afritada/Kaldereta
https://encrypted-tbn0.gstatic.com/images?q=tbn%3AANd9GcTRfnwBtXLFUPxctgjEwrsVhWnefcB1XJRo1m4eVHei1noklpB4&usqp=CAU,Afritada/Kaldereta
https://encrypted-tbn0.gstatic.com/images?q=tbn%3AANd9GcR4CpZQGc089eKCjk4xHfxYJj9GUvmPvwGUIHqG3FnmpcrVkgxA&usqp=CAU,Afritada/Kaldereta
https://encrypted-tbn0.gstatic.com/images?q=tbn%3AANd9GcT9nB9CQNpTAgGXJDQi9pO6j39pz0eOHg2CxmKwn_fxHzDrMtAp&usqp=CAU,Afritada/Kaldereta
https://encrypted-tbn0.gstatic.com/images?q=tbn%3AANd9GcRUrBQFYUuw68BVfDaPfLDyT-ChFKVvnjWe-UxmWFZo4uJGEvpp&usqp=CAU,Afritada/Kaldereta
https://encrypted-tbn0.gstatic.com/images?q=tbn%3AANd9GcQUNTTxXfsEWsyL0vx0CzyPHjWbpKqIIeO5B5LPKwPYCE0yypQv&usqp=CAU,Afritada/Kaldereta
https://encrypted-tbn0.gstatic.com/images?q=tbn%3AANd9GcSuBY3AO2N9szYkf3XO1jZViR4YrNhadz36cRtSqXxqXJrF5UmS&usqp=CAU,Afritada/Kaldereta
https://encrypted-tbn0.gstatic.com/images?q=tbn%3AANd9GcT-4fS2UwI40rOnJyOzq94LujO0AyprE-KsTwrDgnjJ52_aWjtm&usqp=CAU,Afritada/Kaldereta
https://encrypted-tbn0.gstatic.com/images?q=tbn%3AANd9GcTI_9c7aNtUUuQ2_eBVHESWlLqS5VfGAvYpnUQjgX_VpIwyIH-Q&usqp=CAU,Afritada/Kaldereta
https://encrypted-tbn0.gstatic.com/images?q=tbn%3AANd9GcRWRqlEf6aVw0sEsjIUCZ-rIAJI_BHoS0-qiRjmgRcpGyDsmIo_&usqp=CAU,Afritada/Kaldereta
https://encrypted-tbn0.gstatic.com/images?q=tbn%3AANd9GcShmcM5IsGIay9IV7toXzw3jHhpTJfMqQb74Ds9Eo43sgadIX1W&usqp=CAU,Afritada/Kaldereta
https://encrypted-tbn0.gstatic.com/images?q=tbn%3AANd9GcT8infEGOXuQ1HzlOA7G2Q-Fglrpu5TRxo98D7tDqATHvqEdU9k&usqp=CAU,Afritada/Kaldereta
https://encrypted-tbn0.gstatic.com/images?q=tbn%3AANd9GcTsMXq0IoJyhRxM24b9sCxLjYTEUCQqBb2SAR_2B-zMqMcr8DJd&usqp=CAU,Afritada/Kaldereta
https://encrypted-tbn0.gstatic.com/images?q=tbn%3AANd9GcQ5ZP72zNf8n4gkq1RD0kaeBm_0J2WADrVXQ1a11p7Txz0keZJ3&usqp=CAU,Afritada/Kaldereta
https://encrypted-tbn0.gstatic.com/images?q=tbn%3AANd9GcTBh3OXorOi6dNR5hcn2Ly_4MwuRKP8hiLbYV_fwsCICVJn-bTf&usqp=CAU,Afritada/Kaldereta
https://encrypted-tbn0.gstatic.com/images?q=tbn%3AANd9GcSLpqAD9cZaIuGKYR4LoGBolixU4XdxC22MajHAyhehh_ClEQhx&usqp=CAU,Afritada/Kaldereta
https://encrypted-tbn0.gstatic.com/images?q=tbn%3AANd9GcQkvc-81BUKLX4PopAUadCzob-i_t4YpyV_invC9taQGtM8JlPr&usqp=CAU,Afritada/Kaldereta
https://encrypted-tbn0.gstatic.com/images?q=tbn%3AANd9GcQZ2nllaY_6LqI1vGoI7iULZVRgFoXf2P5zDtRLEYVGE8L4hKAv&usqp=CAU,Afritada/Kaldereta
https://encrypted-tbn0.gstatic.com/images?q=tbn%3AANd9GcSkSNXv8ZxKDwlcPAggCOehkBQ0XSQ1pVnbSNawA6b1DYhhSNPr&usqp=CAU,Afritada/Kaldereta
https://encrypted-tbn0.gstatic.com/images?q=tbn%3AANd9GcQnn79OTOfCwqPIUFY0wSmyzB_ByaOgCvMxM2nURor7UlZB5OZE&usqp=CAU,Afritada/Kaldereta
https://encrypted-tbn0.gstatic.com/images?q=tbn%3AANd9GcSD8OGFUDlVGLHaP6ZsyCR7rpKRuo6OzXWOPgrUTEjOycd0zAbJ&usqp=CAU,Afritada/Kaldereta
https://encrypted-tbn0.gstatic.com/images?q=tbn%3AANd9GcQOpZDefE7kQsgt2welK3lw8Sv0oVXy5FtInKFOjPgU0u1jB7RJ&usqp=CAU,Afritada/Kaldereta
https://encrypted-tbn0.gstatic.com/images?q=tbn%3AANd9GcS8J_-PAWdWS3Pd1rW1gosw2xiecKAqX7DHlrKnAlPxJhpIZy28&usqp=CAU,Afritada/Kaldereta
https://encrypted-tbn0.gstatic.com/images?q=tbn%3AANd9GcQEs19kOmigEPa6RR5vDtGRkUnQHPlj6Hg9sbw9PGONg1mJg5bw&usqp=CAU,Afritada/Kaldereta
https://encrypted-tbn0.gstatic.com/images?q=tbn%3AANd9GcThMbLhz9WpTLG9katPBxs1-hGE3zaX7Law-SdqTyv0bH-vUi6y&usqp=CAU,Afritada/Kaldereta
https://encrypted-tbn0.gstatic.com/images?q=tbn%3AANd9GcTlZ9LloxHhT8dcyhhi6HPi4zFEVA2SRdwF-lkZtCi7Pbpg3wGW&usqp=CAU,Afritada/Kaldereta
https://encrypted-tbn0.gstatic.com/images?q=tbn%3AANd9GcTeoqhtUWFcAS5_A-uR0Wvjw1tbJW5a2wuYeYV89u8l7XMN3y1x&usqp=CAU,Afritada/Kaldereta
https://encrypted-tbn0.gstatic.com/images?q=tbn%3AANd9GcQtqKBLc9eSJItV4g3sai-CJqn9_JNEO_40DK4exbwJHF-Nhs0B&usqp=CAU,Afritada/Kaldereta
https://encrypted-tbn0.gstatic.com/images?q=tbn%3AANd9GcT2gH7O4m-z54JxfrHHrwy_2Au7cY49Vw4cOafun9Ey0saBF5y-&usqp=CAU,Afritada/Kaldereta
https://encrypted-tbn0.gstatic.com/images?q=tbn%3AANd9GcQLoxtIaJuMUK4BrHmkbWIJoisR5Eku3QZruxhKqA4-blAvNab6&usqp=CAU,Afritada/Kaldereta
https://encrypted-tbn0.gstatic.com/images?q=tbn%3AANd9GcTT0d_Kab2_5hM_ATxhZJueTJi8j_T7jd-3WksISbKl7cveCayN&usqp=CAU,Afritada/Kaldereta
https://encrypted-tbn0.gstatic.com/images?q=tbn%3AANd9GcQWVw3zpHGe6YLpxvRSmQUFFwlR6roHRYuNwktG7RNUuj2L7qY2&usqp=CAU,Afritada/Kaldereta
https://encrypted-tbn0.gstatic.com/images?q=tbn%3AANd9GcTJIt3FQZIZarWQ5k9nU7yNGD9CIaPAhKI8_gm8S8UEICpoRu-_&usqp=CAU,Afritada/Kaldereta
