https://encrypted-tbn0.gstatic.com/images?q=tbn%3AANd9GcRBqa94J_-ULC4KXQusJzdjfck4TmFPb9t5_JFqvhD1YYGxxuM8&usqp=CAU,Bagnet/Crispy Pata
https://encrypted-tbn0.gstatic.com/images?q=tbn%3AANd9GcS-4EgD6Un6uu02n8BQf1GoN_KN7J0Ho7Kr5PKKhzd9qMbbGZLM&usqp=CAU,Bagnet/Crispy Pata
https://encrypted-tbn0.gstatic.com/images?q=tbn%3AANd9GcQTULyT9tlm1WuegRw1X1YLTcXIEM2VumaO-q7vkTKxAYt9j3lI&usqp=CAU,Bagnet/Crispy Pata
https://encrypted-tbn0.gstatic.com/images?q=tbn%3AANd9GcRRHyHOAgF5NPdF40fMdDt-V5Nw6btFf1u7t5gWDYTC-TBM1GM2&usqp=CAU,Bagnet/Crispy Pata
https://encrypted-tbn0.gstatic.com/images?q=tbn%3AANd9GcTPLJfqCeznSR00Fq8yFKVNK3A7iYNnyEvYmE0uxQ8cYwm7FUzW&usqp=CAU,Bagnet/Crispy Pata
https://encrypted-tbn0.gstatic.com/images?q=tbn%3AANd9GcRZSDoHVLAx43hHldlwbhwpp2W6d4SqwgIoh56iQH5u7qfxwc7A&usqp=CAU,Bagnet/Crispy Pata
https://encrypted-tbn0.gstatic.com/images?q=tbn%3AANd9GcQoQEInCOz2ZYhftazwsoF5H3NjfD0fAl9Sr4_ro_V8l0aL-lrR&usqp=CAU,Bagnet/Crispy Pata
https://encrypted-tbn0.gstatic.com/images?q=tbn%3AANd9GcTrabIL3yAl6qnS4XfEf3V2ZrDzN5NqlW95tzpMTS12LNYPh8I9&usqp=CAU,Bagnet/Crispy Pata
https://encrypted-tbn0.gstatic.com/images?q=tbn%3AANd9GcSaVmvRrEt3MvmDKEz_CMKrFDy7_qYfEyu8PtqWl2lDq5F6hhsH&usqp=CAU,Bagnet/Crispy Pata
https://encrypted-tbn0.gstatic.com/images?q=tbn%3AANd9GcRUHTaW1t2oYSVEKI3VL183MH7cEoy-_dzz7mAB4CiF-EkkDWag&usqp=CAU,Bagnet/Crispy Pata
https://encrypted-tbn0.gstatic.com/images?q=tbn%3AANd9GcRgvX708ent02rAhWsB7X44Iz5qf2Q7YkIbYN3hROfMoAUxyesW&usqp=CAU,Bagnet/Crispy Pata
https://encrypted-tbn0.gstatic.com/images?q=tbn%3AANd9GcQUEntG7F26ts4sDdEGOoV1MC1DAfaq4EX95Zow2LJj6k6ABdJf&usqp=CAU,Bagnet/Crispy Pata
https://encrypted-tbn0.gstatic.com/images?q=tbn%3AANd9GcQ7xdhZV0Gfh4f8P5GeeV3nZhP3LOO9bxTq81r3V316KF5ep9RO&usqp=CAU,Bagnet/Crispy Pata
https://encrypted-tbn0.gstatic.com/images?q=tbn%3AANd9GcRNMsYILktqDK8zk5-haOyWd6WOWWExTDuico4UjwAi9LB-iEpI&usqp=CAU,Bagnet/Crispy Pata
https://encrypted-tbn0.gstatic.com/images?q=tbn%3AANd9GcRaEFpVD752OHvRAdCbK3xHpnAm4HM8d9HnR39QrE3kB5JNprDz&usqp=CAU,Bagnet/Crispy Pata
https://encrypted-tbn0.gstatic.com/images?q=tbn%3AANd9GcS7UB4_qDKoekx-FmsQRrXfGF4aZZMTeCja8dJhTFmKXTgQJcha&usqp=CAU,Bagnet/Crispy Pata
https://encrypted-tbn0.gstatic.com/images?q=tbn%3AANd9GcQj4jFJrVHLgwEwYnnCGNKOwxURGkxtwQKHHIlHbJqS03jgpqGF&usqp=CAU,Bagnet/Crispy Pata
https://encrypted-tbn0.gstatic.com/images?q=tbn%3AANd9GcQClThcOdXPs3T3VFpMzUXAyRYrPzO3nlb1Of9wIWGgDl98M5h5&usqp=CAU,Bagnet/Crispy Pata
https://encrypted-tbn0.gstatic.com/images?q=tbn%3AANd9GcQPp_6fsz9v-l9i4EAlGmtxja0sT2FqAehf9NHzX-fz3w7SzbHW&usqp=CAU,Bagnet/Crispy Pata
https://encrypted-tbn0.gstatic.com/images?q=tbn%3AANd9GcRUjenBUqEHxVxvXj78VJo-eDFHjzvxY39dDmbw6jMolpk2L5xs&usqp=CAU,Bagnet/Crispy Pata
https://encrypted-tbn0.gstatic.com/images?q=tbn%3AANd9GcRDkMBg5WquKrMvpEUeR-4x41ifaeHrbD_wpoM5tof1O_Cim08a&usqp=CAU,Bagnet/Crispy Pata
https://encrypted-tbn0.gstatic.com/images?q=tbn%3AANd9GcSD7b8OgymBmLFLu7puWlSTc3Fhkdd3hj_DkV7p8WA04dYxaqHN&usqp=CAU,Bagnet/Crispy Pata
https://encrypted-tbn0.gstatic.com/images?q=tbn%3AANd9GcSocXOp3mIF5QEuj_wWxy5iCkL9ChIZcPC98QmrzPM0ngsi2uXd&usqp=CAU,Bagnet/Crispy Pata
https://encrypted-tbn0.gstatic.com/images?q=tbn%3AANd9GcQL96uxQBfFkjhZAwDu4V1Baq1tJOJxO01dYTxCi1PP9SuTUDlD&usqp=CAU,Bagnet/Crispy Pata
https://encrypted-tbn0.gstatic.com/images?q=tbn%3AANd9GcRCnMAg2thT_sKimbWfCTBLhA_TLI92w90dnUptwEUn6qpLm_pd&usqp=CAU,Bagnet/Crispy Pata
https://encrypted-tbn0.gstatic.com/images?q=tbn%3AANd9GcQl0sp8tzDc_RIKk6DAOViTZVUVBUFgJJcPbPraWy0_LgY7WmNU&usqp=CAU,Bagnet/Crispy Pata
https://encrypted-tbn0.gstatic.com/images?q=tbn%3AANd9GcQehH9FEFl1yW6UBcODh9J1HqsZHV-FIEIigBFH36jv5CnfQMex&usqp=CAU,Bagnet/Crispy Pata
https://encrypted-tbn0.gstatic.com/images?q=tbn%3AANd9GcTnPHjeUnBtPXZDOL2wSoRay9jbCu-3dnUig_jJb7sEcdqgYg2L&usqp=CAU,Bagnet/Crispy Pata
https://encrypted-tbn0.gstatic.com/images?q=tbn%3AANd9GcQGVWGBRKI_XJB9nOAmg14TpntVFQAHT9bKIsbMujY4z0zzGJMD&usqp=CAU,Bagnet/Crispy Pata
https://encrypted-tbn0.gstatic.com/images?q=tbn%3AANd9GcTsWvvt7zFkrO5v-Wu5ygcHPbhJQWCeezQuPwWWwj52zlxCryJi&usqp=CAU,Bagnet/Crispy Pata
https://encrypted-tbn0.gstatic.com/images?q=tbn%3AANd9GcQOK1LuOzAiBRifR41Db0svDvjJZratAsYuKcem14yvgP6_I8m5&usqp=CAU,Bagnet/Crispy Pata
https://encrypted-tbn0.gstatic.com/images?q=tbn%3AANd9GcTsIerK88QgZ2v1A8jU_jk32u2n3qrnHH2VDgkEJvFPeeZEK5Y7&usqp=CAU,Bagnet/Crispy Pata
https://encrypted-tbn0.gstatic.com/images?q=tbn%3AANd9GcRQcDuNqZpghPqxX25fQ_fhZcqSDUs9IaKMMOAWPkP1bZL3rU1g&usqp=CAU,Bagnet/Crispy Pata
https://encrypted-tbn0.gstatic.com/images?q=tbn%3AANd9GcTclBJLYfByJ4PZiXseBs-0GLessqhFJl76hRzGg0As0WrydLXL&usqp=CAU,Bagnet/Crispy Pata
https://encrypted-tbn0.gstatic.com/images?q=tbn%3AANd9GcQ73BXemytU05XZu-gMA30VgTIGVG3CCzri3UgY4mdi1howldnI&usqp=CAU,Bagnet/Crispy Pata
https://encrypted-tbn0.gstatic.com/images?q=tbn%3AANd9GcQGoq6GPDZkW4y-yGG497Jq1X8SGfKllmIAcMChQK0LMEpi-aXX&usqp=CAU,Bagnet/Crispy Pata
https://encrypted-tbn0.gstatic.com/images?q=tbn%3AANd9GcSyXvGq0Gx6F2wbL8TDjIdv6eECa72QqTxQS7zoTjixindECUT7&usqp=CAU,Bagnet/Crispy Pata
https://encrypted-tbn0.gstatic.com/images?q=tbn%3AANd9GcRLzG-00guT0HGJN5xFVgjC3Vsf8_Z5beakjdEmUbC1NqMs4KsP&usqp=CAU,Bagnet/Crispy Pata
https://encrypted-tbn0.gstatic.com/images?q=tbn%3AANd9GcThbUmJr9KLONdiSaZqqRRSE8lSTLx8MqtF9VLIuXfkiweHNJRr&usqp=CAU,Bagnet/Crispy Pata
https://encrypted-tbn0.gstatic.com/images?q=tbn%3AANd9GcTUH1QSMVXyvVa0Q7qJN0Rb4QtwhKso-hymzAlhGsyXjOxmubl6&usqp=CAU,Bagnet/Crispy Pata
https://encrypted-tbn0.gstatic.com/images?q=tbn%3AANd9GcTlpkKLMlA9c8cT6JRM9vBA0tC3TS8GAI_lLevtJCC1ZaiUoUu1&usqp=CAU,Bagnet/Crispy Pata
https://encrypted-tbn0.gstatic.com/images?q=tbn%3AANd9GcRgFF5oBhPEA1hE617mVBc6C_1Pu1wQKU8AH7rphI9yuonBcmu0&usqp=CAU,Bagnet/Crispy Pata
https://encrypted-tbn0.gstatic.com/images?q=tbn%3AANd9GcTHEpme7v8iU9o-rK9iIIZlM3aF_Vl_-hW4bxIqSlXwlnV3U4Ng&usqp=CAU,Bagnet/Crispy Pata
https://encrypted-tbn0.gstatic.com/images?q=tbn%3AANd9GcTcQd0dUEtGd3dSTJwmnPUyraVpZcySXExgYhkHqsKGOLJ0GRyr&usqp=CAU,Bagnet/Crispy Pata
https://encrypted-tbn0.gstatic.com/images?q=tbn%3AANd9GcTwoFA_RAy06tcDjcVSTKa7wq-xPcos8WAMT3-w5mZKyf1uE9ds&usqp=CAU,Bagnet/Crispy Pata
https://encrypted-tbn0.gstatic.com/images?q=tbn%3AANd9GcQZXEJX1vhoL9po4h0rDWa1pEBIAGDSEg4siHP9GuuD5bN_6DPe&usqp=CAU,Bagnet/Crispy Pata
https://encrypted-tbn0.gstatic.com/images?q=tbn%3AANd9GcSAauq7Jz2fiPHk-WbwSeht_Y9LMBAsKjXq-RBTitG0UNzPF3Ej&usqp=CAU,Bagnet/Crispy Pata
https://encrypted-tbn0.gstatic.com/images?q=tbn%3AANd9GcRZuZwl-ShHQ58HWba6CoGJVvDqtC_nZ9COXjA6qTvTby6k4uTx&usqp=CAU,Bagnet/Crispy Pata
https://encrypted-tbn0.gstatic.com/images?q=tbn%3AANd9GcRApgIzcQ8JGtKPX4SjWa_Zc2ksS457K8BnZ3Yz1UfLxBPP5Cmg&usqp=CAU,Bagnet/Crispy Pata
https://encrypted-tbn0.gstatic.com/images?q=tbn%3AANd9GcTH8WRUslRdXgvM0LoZXoTkOuj901mXl4CoDoRLUA83g2hKSSMp&usqp=CAU,Bagnet/Crispy Pata
https://encrypted-tbn0.gstatic.com/images?q=tbn%3AANd9GcSOwYtA1P37HW3aH1Z98Pns-caYJSPn6Dh5tlDaePRFBqbzTmHA&usqp=CAU,Bagnet/Crispy Pata
https://encrypted-tbn0.gstatic.com/images?q=tbn%3AANd9GcRygnLeklN5bgmL3XICjpO7mEe7Z03o2btT56Hu5ETmRFx2d7cZ&usqp=CAU,Bagnet/Crispy Pata
https://encrypted-tbn0.gstatic.com/images?q=tbn%3AANd9GcQCQrTbL5IjfRUqtdXi8nR7uwhBBL22SOvAhG0rIQ8HTifDGeji&usqp=CAU,Bagnet/Crispy Pata
https://encrypted-tbn0.gstatic.com/images?q=tbn%3AANd9GcRJA2t8AFx_EMJ4osjhWqUOMtz_-Ba63MOHaFmHGTvbsOBBYxkx&usqp=CAU,Bagnet/Crispy Pata
https://encrypted-tbn0.gstatic.com/images?q=tbn%3AANd9GcTdxMox5As5PakJ4BxYZ6iJvtQ1ZbxHNKQ4Yk1ipqstci__Bqjz&usqp=CAU,Bagnet/Crispy Pata
https://encrypted-tbn0.gstatic.com/images?q=tbn%3AANd9GcTSOHG7FLvA8Z6N1GA3txkxu0_umXbMP5UuYLNWd2lsms0R9tJJ&usqp=CAU,Bagnet/Crispy Pata
https://encrypted-tbn0.gstatic.com/images?q=tbn%3AANd9GcTOddMqsI0uz-EObEJZds-lHFrUfEMmIj0pKin8yi-LICTFf8_k&usqp=CAU,Bagnet/Crispy Pata
https://encrypted-tbn0.gstatic.com/images?q=tbn%3AANd9GcRv0MVeMogJ9TpmOR6qthGQYyWIISaSa0De8UfCbq8M-94zWw_h&usqp=CAU,Bagnet/Crispy Pata
https://encrypted-tbn0.gstatic.com/images?q=tbn%3AANd9GcR0eBSpqVvKyBc35ljtB4YF8_gGF71p0a1YHrrqLl6EpiyjBJ29&usqp=CAU,Bagnet/Crispy Pata
https://encrypted-tbn0.gstatic.com/images?q=tbn%3AANd9GcRR8qit1h89Tf3I_gEbxpAvqSzxAcygUNaqyRAptWcV3WHSnCrq&usqp=CAU,Bagnet/Crispy Pata
https://encrypted-tbn0.gstatic.com/images?q=tbn%3AANd9GcSHuKI7n_mpid3YW_Kguy0vwjf0JraRpBLERd_3T5z2AZDABDgr&usqp=CAU,Bagnet/Crispy Pata
https://encrypted-tbn0.gstatic.com/images?q=tbn%3AANd9GcQh2huWS6qknDD4fIcFHHNtxw_ciSOpGmAPgbb40C-oPiwR5sdP&usqp=CAU,Bagnet/Crispy Pata
https://encrypted-tbn0.gstatic.com/images?q=tbn%3AANd9GcQ9zxzLH_f0KehhZ01F5fDlBlhJqTBElxA1cDhaVFkGnhvtGb52&usqp=CAU,Bagnet/Crispy Pata
