https://encrypted-tbn0.gstatic.com/images?q=tbn%3AANd9GcSeyhS1pSj2EK5kiPjq88CaSOayELrKnKcOhqeXndDtbWQAYsVT&usqp=CAU,Balut
https://encrypted-tbn0.gstatic.com/images?q=tbn%3AANd9GcRZxSOuBxBB5cbbaD16k_MMb7s9Rf8pk87t0ekItAD2R-fXeK11&usqp=CAU,Balut
https://encrypted-tbn0.gstatic.com/images?q=tbn%3AANd9GcS2a0KOjUrLTXQ2Wym17TH3U0jUHLLHTrD3LtPtwgWVTobiMQ2W&usqp=CAU,Balut
https://encrypted-tbn0.gstatic.com/images?q=tbn%3AANd9GcTqgRnnYFVmfCaXOQHGDdqpaO7I0W57LG4Lkea9rBq7XBkpIMRM&usqp=CAU,Balut
https://encrypted-tbn0.gstatic.com/images?q=tbn%3AANd9GcTSX_dWeEmlFZvpCEb8jpGtN67G5OFMTTK33vjW2hjTrJttWChm&usqp=CAU,Balut
https://encrypted-tbn0.gstatic.com/images?q=tbn%3AANd9GcTxNvQTVtB01pFCjhhYym3PlB5Ju4fdfE5tMWEEep62OEWIYYU0&usqp=CAU,Balut
https://encrypted-tbn0.gstatic.com/images?q=tbn%3AANd9GcS252WHv3VohaT6INAWBK6AObV40seRobNGlqkSti0DYa5RoH4z&usqp=CAU,Balut
https://encrypted-tbn0.gstatic.com/images?q=tbn%3AANd9GcRvKGMkLX5mP97gTiQm2hMf80enq-g9_nhOOLdvU9K7BMFOKDzX&usqp=CAU,Balut
https://encrypted-tbn0.gstatic.com/images?q=tbn%3AANd9GcSusRLYNSEpUQSGvttFnoTtrixsGAUIMQLS0nt0sgQT1tKlmcno&usqp=CAU,Balut
https://encrypted-tbn0.gstatic.com/images?q=tbn%3AANd9GcRBH3KvpKmfWfstsFPNF-CoJkoAfVt3nCYpIIRssJ_OlV8HcDFo&usqp=CAU,Balut
https://encrypted-tbn0.gstatic.com/images?q=tbn%3AANd9GcT3I5RXa9R8obyZkkMLGHtH-n0GKRweeifz07wehV2tmkTFFm2F&usqp=CAU,Balut
https://encrypted-tbn0.gstatic.com/images?q=tbn%3AANd9GcT9Gr6f0ixwpvaqpY11PyK63Iv0OmRFrQhltnR3cgFCg52CllDZ&usqp=CAU,Balut
https://encrypted-tbn0.gstatic.com/images?q=tbn%3AANd9GcS4MT8ml8RjgCmOqF82t0Z3eCOipRrePPpABBi7AYwcKiDBWtKF&usqp=CAU,Balut
https://encrypted-tbn0.gstatic.com/images?q=tbn%3AANd9GcSGZBQSPBi7CTPgt_3KdCDHDcm9fSSolhriJhcR2Bsj9HwQG6iU&usqp=CAU,Balut
https://encrypted-tbn0.gstatic.com/images?q=tbn%3AANd9GcRWtJWdzhjOJtLv_WNoyC8XmpB1lrOUZVj0fSpOYFMv7IGNlQhW&usqp=CAU,Balut
https://encrypted-tbn0.gstatic.com/images?q=tbn%3AANd9GcT3tjb_OxdXQ7NS_XP7N0QY4Q2t0zjLJ_nAhT50ACT3b1TlzG9P&usqp=CAU,Balut
https://encrypted-tbn0.gstatic.com/images?q=tbn%3AANd9GcRIh5pbeZRR5MNShy9gRiifAATuLFx1tYvLf9YSQSXFgcrVA_bi&usqp=CAU,Balut
https://encrypted-tbn0.gstatic.com/images?q=tbn%3AANd9GcRxXHiLs9hRb8__8yvvy5IEPKNDAzENU-hLt0Vg9vIaPdKuKPJd&usqp=CAU,Balut
https://encrypted-tbn0.gstatic.com/images?q=tbn%3AANd9GcSpqM2VFmVErN8c16IKW-xs8hYOw6e-CbPHg7vRaRopHRszQbtf&usqp=CAU,Balut
https://encrypted-tbn0.gstatic.com/images?q=tbn%3AANd9GcSM9TRSx_C9N0u0947-TYkNZk7LD2KfViKAIBNOj7m2P-o33lBw&usqp=CAU,Balut
https://encrypted-tbn0.gstatic.com/images?q=tbn%3AANd9GcQLd3GC06IZmpBgw8nb2alwjc7Q2KOElTdmf6wGUkO5YtMcYjgo&usqp=CAU,Balut
https://encrypted-tbn0.gstatic.com/images?q=tbn%3AANd9GcT_b9A9o3PVIp-M3asPYFA6bq1OQsWnK5crj6NPJCRR3zccurkD&usqp=CAU,Balut
https://encrypted-tbn0.gstatic.com/images?q=tbn%3AANd9GcTHp6U43EOooMsiXqlmmYN9Dqt3F14z1JFuYW8ECBLfWwDB0fRs&usqp=CAU,Balut
https://encrypted-tbn0.gstatic.com/images?q=tbn%3AANd9GcQ1H1XK_c2b2bGRqFXHHM-hN3UWpC6RhjoLCW3hxracnl3Ys4Xp&usqp=CAU,Balut
https://encrypted-tbn0.gstatic.com/images?q=tbn%3AANd9GcSlHJytSKs9spYuzTa9B4b5OgPmH_p6aXg7P5SKOk5a_v0K10SY&usqp=CAU,Balut
https://encrypted-tbn0.gstatic.com/images?q=tbn%3AANd9GcQL0f863pXCK4nYbxFmkwDqGbxuRyqoulCxw78XUfNGgVESzViT&usqp=CAU,Balut
https://encrypted-tbn0.gstatic.com/images?q=tbn%3AANd9GcRjYUF4pYBL25YH7Q5Rcn9HZ6zXX5nDwbxnFsOeZdWpFZDoqf2z&usqp=CAU,Balut
https://encrypted-tbn0.gstatic.com/images?q=tbn%3AANd9GcRNTgJy6EecEw7OLGdW5JF5NBu2nlS2gHEtJTPEk-GIixDJ9ad5&usqp=CAU,Balut
https://encrypted-tbn0.gstatic.com/images?q=tbn%3AANd9GcQL91a4N6Q3IkG2M0Qq2W6mR9Qq68uPebQWpfO5mIVRh0fJqqnR&usqp=CAU,Balut
https://encrypted-tbn0.gstatic.com/images?q=tbn%3AANd9GcRDxHtwxQg4sCTSRwo9o1_f_yVugjtggFfxTkG4-mTNj9-7Gy_H&usqp=CAU,Balut
https://encrypted-tbn0.gstatic.com/images?q=tbn%3AANd9GcR8ycQsF-1SnClGu1JP6eCnY68-HPIe3oLpgFdRd7ci5ex3BswP&usqp=CAU,Balut
https://encrypted-tbn0.gstatic.com/images?q=tbn%3AANd9GcTsA3V4KuE0NeWuwxka5BiN3eiemIm1zFsMuh1pGJjQfoLJ07wo&usqp=CAU,Balut
https://encrypted-tbn0.gstatic.com/images?q=tbn%3AANd9GcQvl5ukZAJdsWd1sgEDfYYki7L-gPzuGwjvS2vxLAzwP0b4moFG&usqp=CAU,Balut
https://encrypted-tbn0.gstatic.com/images?q=tbn%3AANd9GcS95qnCyjNLzGWqpItH_QIJJYuXs0CToOT-Wp3_a3qKsW5uSWn5&usqp=CAU,Balut
https://encrypted-tbn0.gstatic.com/images?q=tbn%3AANd9GcR1N0ab41MSP8-hLAcMTbUWabio6Z5iVpZs_JzSBixb4gRoBc0o&usqp=CAU,Balut
https://encrypted-tbn0.gstatic.com/images?q=tbn%3AANd9GcQS40EU28mdDWxxr58PLiUVoc46_YDxYW0uuHf2dGfpv72oGHR_&usqp=CAU,Balut
https://encrypted-tbn0.gstatic.com/images?q=tbn%3AANd9GcRA_ILagC8_-jy_MVtmIf732K1uF534hRomK7W9_Gmjqt6VscLg&usqp=CAU,Balut
https://encrypted-tbn0.gstatic.com/images?q=tbn%3AANd9GcSkxpdiRPOEeH36vmpdvXKAHIlq4x6I0yTwj4_-Y0vdkmMfZz5o&usqp=CAU,Balut
https://encrypted-tbn0.gstatic.com/images?q=tbn%3AANd9GcQ-mY7pWv43KlVUKMvdHY5eSKx55O2Cx724mkXubt7bhu-me9x-&usqp=CAU,Balut
https://encrypted-tbn0.gstatic.com/images?q=tbn%3AANd9GcRlhL0BNi55Qxw-9vLWbB65I_mkl4f8JLrUcL7yEXritJ4AlGB-&usqp=CAU,Balut
https://encrypted-tbn0.gstatic.com/images?q=tbn%3AANd9GcTNoupuydnvH5Toc0HBHp-MwhQOg8H9GhNyPM-f3cg0l9N0eyXc&usqp=CAU,Balut
https://encrypted-tbn0.gstatic.com/images?q=tbn%3AANd9GcToBqDu8Id0u4e8uaWIvmqwAHs0jKn40tIPLC5NZCvNkjKdjzTN&usqp=CAU,Balut
https://encrypted-tbn0.gstatic.com/images?q=tbn%3AANd9GcQn6XccjaEfDP1prqG7bkQFAvnDoYyiY07OfcsHd9WZZr3E-w0-&usqp=CAU,Balut
https://encrypted-tbn0.gstatic.com/images?q=tbn%3AANd9GcQ1mqRHvYt9Bo7HetR3WmOlZ-VsbQqskW0H17sY9rMTMivRpnyp&usqp=CAU,Balut
https://encrypted-tbn0.gstatic.com/images?q=tbn%3AANd9GcTll1cMcJbcdA8bTuufF9PdC1S6WgeuUVzhVHWlcPRt2wlv5-4j&usqp=CAU,Balut
https://encrypted-tbn0.gstatic.com/images?q=tbn%3AANd9GcR0FQ1JrXyPlCgLz5DImL1aecpQfLvfHQ801fS9siqJeDwcdYtg&usqp=CAU,Balut
https://encrypted-tbn0.gstatic.com/images?q=tbn%3AANd9GcRxtBNFcS-E2HQXsLCyrL1G3TC6bXXc3XfhNnYS6s4NhFyuSFx5&usqp=CAU,Balut
https://encrypted-tbn0.gstatic.com/images?q=tbn%3AANd9GcRZfWldxMNPt4lGnDGBUSshXIk4a7e5m392ysvgUMGGHUpFw-0H&usqp=CAU,Balut
https://encrypted-tbn0.gstatic.com/images?q=tbn%3AANd9GcRgEjV-a2wN15clZIija78frkk6CRDWv7SRUeLFs23TvyvmyRqe&usqp=CAU,Balut
https://encrypted-tbn0.gstatic.com/images?q=tbn%3AANd9GcSzIrTPlv87-JLtrAAgILkniANTQ06pSe8BJzH3Yja1ch1qQxHx&usqp=CAU,Balut
https://encrypted-tbn0.gstatic.com/images?q=tbn%3AANd9GcTdR8GQGIDcFcYgq7xPMJFigqZ2BZTPIFu-c7HxFwcCk_feCnaR&usqp=CAU,Balut
https://encrypted-tbn0.gstatic.com/images?q=tbn%3AANd9GcS4qW2-oCY5T3ZxkkO84r9ARO18cOfGH3Det_vK91bRo1qJItlc&usqp=CAU,Balut
https://encrypted-tbn0.gstatic.com/images?q=tbn%3AANd9GcSlkjYw_EbyVsWYXkLuYxMN94DH_598SgpLj3w1G_k1kOWYFm7D&usqp=CAU,Balut
https://encrypted-tbn0.gstatic.com/images?q=tbn%3AANd9GcQb1d8d3scW36KS4EtHx2aivM2pS3byWrKln55JOw9MMiZZQxw0&usqp=CAU,Balut
https://encrypted-tbn0.gstatic.com/images?q=tbn%3AANd9GcQ7--cGlBlbsZrhWgCy7OYpQAi-kzybD0ckXVwfGb7EL2Xk8_-k&usqp=CAU,Balut
https://encrypted-tbn0.gstatic.com/images?q=tbn%3AANd9GcQOhOda7gIxx6Iix2aP1mWbHEe24RrygQabntbalf_3XGjieEKj&usqp=CAU,Balut
https://encrypted-tbn0.gstatic.com/images?q=tbn%3AANd9GcTGNBcZguQsnS4xYHzqmb-D8ymF_crS-bkNRRoZHOu1kQpoIKp2&usqp=CAU,Balut
https://encrypted-tbn0.gstatic.com/images?q=tbn%3AANd9GcQLn2P7Uswvt34NIEUckFEq35zOOTmjlGFuk7iezxeJrlYfPYsm&usqp=CAU,Balut
https://encrypted-tbn0.gstatic.com/images?q=tbn%3AANd9GcSQBgnjM12J4Nyk5QHFK-CsyAO8_ZU5-Zj2fYXXtZXHdKtOfJDf&usqp=CAU,Balut
https://encrypted-tbn0.gstatic.com/images?q=tbn%3AANd9GcThHqY7357gvohIIKmQ2RpYwXwsjbR7bBh3Lm6TjmE-5BOExrT7&usqp=CAU,Balut
https://encrypted-tbn0.gstatic.com/images?q=tbn%3AANd9GcTMq_ycYVecipi_t7nMfZESLBCLID0YZCZ1tz2El4Ok7hBRYOq8&usqp=CAU,Balut
https://encrypted-tbn0.gstatic.com/images?q=tbn%3AANd9GcSYzJONdCwnN0RbpKCPolVgX614TzkBJd_2r_U8QYtpZ0hHfj6L&usqp=CAU,Balut
https://encrypted-tbn0.gstatic.com/images?q=tbn%3AANd9GcREubiUSYI5WGC6axcLgCJVFfwy9hV12SZGq_ZfrcxZkfnmiAOP&usqp=CAU,Balut
https://encrypted-tbn0.gstatic.com/images?q=tbn%3AANd9GcTKx4NAJjcC5V35CcYth0LPZof7VJLa41h3YthzJrr5uKSASUKG&usqp=CAU,Balut
https://encrypted-tbn0.gstatic.com/images?q=tbn%3AANd9GcRXuLRwUAMx9GDtl__-zuQtWL09VmhldB4ZTMGZpzybo1RPU0vS&usqp=CAU,Balut
https://encrypted-tbn0.gstatic.com/images?q=tbn%3AANd9GcS9Wab-ANhgnifHvQYY0dbYAyTTrdryiGQJjINiSJzCoJFELQLq&usqp=CAU,Balut
https://encrypted-tbn0.gstatic.com/images?q=tbn%3AANd9GcQ3IKGQXfVp7Q_t4er6jp-wkTLp3TSIVa4SUCXTY1IUhPu9Iq_c&usqp=CAU,Balut
https://encrypted-tbn0.gstatic.com/images?q=tbn%3AANd9GcQxPGC5y_VEEE7nBOiuSvr3fxRdCrRC6KAwWutJ447xbVLoUQMF&usqp=CAU,Balut
https://encrypted-tbn0.gstatic.com/images?q=tbn%3AANd9GcSII7Fvq7UV6lLoOCrGwa3nkda3yl8S1N47xxFvccw803UUfJhT&usqp=CAU,Balut
https://encrypted-tbn0.gstatic.com/images?q=tbn%3AANd9GcSPTiolOxe4E4eKf2vXmk8YyZfPKpxnUe4QLpXafGJInN2erSAp&usqp=CAU,Balut
https://encrypted-tbn0.gstatic.com/images?q=tbn%3AANd9GcQSEQGwLYpwgysGb2D81v2Ro9pUeP1FZVNFExMhASBkeu9pKTgd&usqp=CAU,Balut
https://encrypted-tbn0.gstatic.com/images?q=tbn%3AANd9GcQ4luV_C2uOzOnw-ie_qLA80UsU6UYqkvvYDZyi4MF4USenqZBx&usqp=CAU,Balut
https://encrypted-tbn0.gstatic.com/images?q=tbn%3AANd9GcQNQMeq8Y7D_EKc6RamoLUdcioheIY9LnYvMHi7EXuJ48QJWkfP&usqp=CAU,Balut
https://encrypted-tbn0.gstatic.com/images?q=tbn%3AANd9GcT5Hxj2vBZNVo-QEak3Ut3vbeJQpGlhi1AN3t7uw5fUulpla7gZ&usqp=CAU,Balut
https://encrypted-tbn0.gstatic.com/images?q=tbn%3AANd9GcQJi_VSrr_0PbdY5ORrsjWce77Aqq9TZ0b3_nliOHYdJHpftM8m&usqp=CAU,Balut
https://encrypted-tbn0.gstatic.com/images?q=tbn%3AANd9GcTi-Vc2O5JVqf4CVuDJHZgvh9IcJ1zugx3ANre1PRmJRJ9cIsgx&usqp=CAU,Balut
https://encrypted-tbn0.gstatic.com/images?q=tbn%3AANd9GcQ2YJ8cX_1oujDhPwLcNym6GSfb6Ut4lmSs6T66NWrPerWJnC6r&usqp=CAU,Balut
https://encrypted-tbn0.gstatic.com/images?q=tbn%3AANd9GcRkD6sk753CTqBUe7DoknNC1GHSvUF7F3obLSyhujqunMgQX7fd&usqp=CAU,Balut
https://encrypted-tbn0.gstatic.com/images?q=tbn%3AANd9GcQwN8w7L7OlDC1H4n0MHTKZjBxi6W5CZpqItMvQJIugQGf_39yF&usqp=CAU,Balut
https://encrypted-tbn0.gstatic.com/images?q=tbn%3AANd9GcQ7AisDBPwlP9_sZtCjeEAngvkLiUnLNK342LJrLsAmLgXjlHvL&usqp=CAU,Balut
https://encrypted-tbn0.gstatic.com/images?q=tbn%3AANd9GcQOIFF1EPiLiEcrPXfzlwYl7qmEmGGPl_n-CLIZEJ1XURjnIEd7&usqp=CAU,Balut
https://encrypted-tbn0.gstatic.com/images?q=tbn%3AANd9GcQDLsQ7q5pNikcFkCMyn4dt0OuDfEQbKZw1ytFghTjlbI51aX7E&usqp=CAU,Balut
https://encrypted-tbn0.gstatic.com/images?q=tbn%3AANd9GcTOnO9-JVlNFv-2Ow4Xdi58J1xvzG0tA5Fbl3QS5pWFjI4z2fkE&usqp=CAU,Balut
