https://encrypted-tbn0.gstatic.com/images?q=tbn%3AANd9GcTiKYQrYGl2zxrBQWUgL_1GOnLIR6YUOONIyhWaU0fyETeZ9a4m&usqp=CAU,Chicken Adobo
https://encrypted-tbn0.gstatic.com/images?q=tbn%3AANd9GcQYqGgxqn03K-O1YlGferjnByluRK94icB64d4l3f-KMOVcyJf7&usqp=CAU,Chicken Adobo
https://encrypted-tbn0.gstatic.com/images?q=tbn%3AANd9GcSgNzFK6Lh0TNR1JnKTmI1zKptXwTJAf_F7WFos7sstL_SrS8pD&usqp=CAU,Chicken Adobo
https://encrypted-tbn0.gstatic.com/images?q=tbn%3AANd9GcSgdA3cWBKEJn1DdKrjJ5dnz56ca--WiOjYDzJjDqKDqXSUKpJ_&usqp=CAU,Chicken Adobo
https://encrypted-tbn0.gstatic.com/images?q=tbn%3AANd9GcSBm82Gv7rC37lLK9wnRRhu-fLdmRCejPBFXziIvTUrvAHZ-DL8&usqp=CAU,Chicken Adobo
https://encrypted-tbn0.gstatic.com/images?q=tbn%3AANd9GcSlcca5R-QoRMZ3R3wGcn80G_gY00rZfzI4OR1a3Wbvo3SQ17-o&usqp=CAU,Chicken Adobo
https://encrypted-tbn0.gstatic.com/images?q=tbn%3AANd9GcTNInxE7L_BvDf7RcMYkhHWkPkXH2-xuqpYHn2OmoJ0wvcCidNh&usqp=CAU,Chicken Adobo
https://encrypted-tbn0.gstatic.com/images?q=tbn%3AANd9GcRnMoy1vrrXbh17f7XbzTjd8gydl0oAGiS-kOsO9NyLA8qs9QrS&usqp=CAU,Chicken Adobo
https://encrypted-tbn0.gstatic.com/images?q=tbn%3AANd9GcTUa5kG7DvjAwseY_-vM-WbNBQjk5B_gnFQnXXWn-sZX3vWiICR&usqp=CAU,Chicken Adobo
https://encrypted-tbn0.gstatic.com/images?q=tbn%3AANd9GcRCjXVJAG6IeNfHfuHesgRTmJ7IsuiuH8X1rbIbuxI2CWy4XHz9&usqp=CAU,Chicken Adobo
https://encrypted-tbn0.gstatic.com/images?q=tbn%3AANd9GcT-KX0k6q-TuoaR_57ugc54fq_sQx-JtO-70ynU-Df6GA8UGyKK&usqp=CAU,Chicken Adobo
https://encrypted-tbn0.gstatic.com/images?q=tbn%3AANd9GcTMKR7s9HavPbL2XelVnl8U9dH1qPXEwEGSV8qsnhen_Ehegyka&usqp=CAU,Chicken Adobo
https://encrypted-tbn0.gstatic.com/images?q=tbn%3AANd9GcQd9tscyEW5nwqXq5hZzaDki14qkcM8Bh14QHT9VTLEN4yuJDKv&usqp=CAU,Chicken Adobo
https://encrypted-tbn0.gstatic.com/images?q=tbn%3AANd9GcSW1B2YPcDiCxanTOQ-qCSuDQlHhyp1ubMzDuqT0mohvKOwKFek&usqp=CAU,Chicken Adobo
https://encrypted-tbn0.gstatic.com/images?q=tbn%3AANd9GcSPCY3hO29Ws7rMa_KYQryku8HxBwZ3AoAbhrDJZO9MoW5cuXEJ&usqp=CAU,Chicken Adobo
https://encrypted-tbn0.gstatic.com/images?q=tbn%3AANd9GcTlFmYGMYMIRkswjPhl9lJSaCz8OwCvi8rXV9k-i56KgMOLRTDT&usqp=CAU,Chicken Adobo
https://encrypted-tbn0.gstatic.com/images?q=tbn%3AANd9GcR0fnlnAXfYFuhhrdYsgyOM6wy276sFpb5FQA8S2afv3T-zJNrr&usqp=CAU,Chicken Adobo
https://encrypted-tbn0.gstatic.com/images?q=tbn%3AANd9GcRpHFC39MHkZG_lPxRJWnGFzigTTm3GkD1QkoK9qRpwQObYC1hd&usqp=CAU,Chicken Adobo
https://encrypted-tbn0.gstatic.com/images?q=tbn%3AANd9GcTR0z7Q9VJlFk5eWyj6K0QP3DO11tL00AyjQ9JivNpqm2RaG4ug&usqp=CAU,Chicken Adobo
https://encrypted-tbn0.gstatic.com/images?q=tbn%3AANd9GcQF4CpCO0CQQBnzQVFho2hgVRlJpMBp8DtwUc9et9rKpyNxGNxu&usqp=CAU,Chicken Adobo
https://encrypted-tbn0.gstatic.com/images?q=tbn%3AANd9GcQJGK0IUDy45ivP1zlralyMG5fG8BxRGDNo_XCH9w63iNs8YPtp&usqp=CAU,Chicken Adobo
https://encrypted-tbn0.gstatic.com/images?q=tbn%3AANd9GcTqrNuW3PW9ovSeN1CPfLicsiMDovY_nGo5wTZ9UQzQKn-wHx7x&usqp=CAU,Chicken Adobo
https://encrypted-tbn0.gstatic.com/images?q=tbn%3AANd9GcTotumpIrJZNCbeOXAUiEURTBWsvmYhWNllwJerDcQ0WNiOjhfc&usqp=CAU,Chicken Adobo
https://encrypted-tbn0.gstatic.com/images?q=tbn%3AANd9GcRnvBrV669kzbXfJAQOlLJ3Pio1k7K0MIyutOibKbvzyAmujkZ9&usqp=CAU,Chicken Adobo
https://encrypted-tbn0.gstatic.com/images?q=tbn%3AANd9GcRdfeRP2Y2gn_Pjq_CtK8eo03nj6efwmFL4BR7etbeeUcHnuGI1&usqp=CAU,Chicken Adobo
https://encrypted-tbn0.gstatic.com/images?q=tbn%3AANd9GcQ18cXy5K3GGhtFS5iuM6CqoMybGBUGeQG73fnctWOpEbYcBksT&usqp=CAU,Chicken Adobo
https://encrypted-tbn0.gstatic.com/images?q=tbn%3AANd9GcQw-AYSDCAE30fmcWkOIZMBPIejBybjlrN1lM2FnrVcXSQ2fqZL&usqp=CAU,Chicken Adobo
https://encrypted-tbn0.gstatic.com/images?q=tbn%3AANd9GcTdbE57DOvR3FO66U5ktaBwH0DJVkQLcePvwYrqn7DALjtlLS2G&usqp=CAU,Chicken Adobo
https://encrypted-tbn0.gstatic.com/images?q=tbn%3AANd9GcQr9IZsgvMcH_yNmSVTUFw_2T4zsjhOiKdNT-9Whf6x_QffwvYP&usqp=CAU,Chicken Adobo
https://encrypted-tbn0.gstatic.com/images?q=tbn%3AANd9GcTQ1nu4Zvb28e2HLfMo2hgHAveD2IJ2fIn3j41bJOmBy-2IAYnW&usqp=CAU,Chicken Adobo
https://encrypted-tbn0.gstatic.com/images?q=tbn%3AANd9GcSpqeCTcnOMF3BBbKywtRzZzU3ACxKQ_wr5qIpTldFNT5PSt1_8&usqp=CAU,Chicken Adobo
https://encrypted-tbn0.gstatic.com/images?q=tbn%3AANd9GcRHRXDMmyD7i0LXxrbKDbkLncIC61iDg5-_gb59ltdiSCdiKLbs&usqp=CAU,Chicken Adobo
https://encrypted-tbn0.gstatic.com/images?q=tbn%3AANd9GcSRQW3bCdzIZdYF_rNVmLRWvaePaWXMr0tmrGJD969Gm5NlpJLb&usqp=CAU,Chicken Adobo
https://encrypted-tbn0.gstatic.com/images?q=tbn%3AANd9GcRW2e50-QZOodiEm0MbUF2wvoBSZ3Kkg4gyU6suZb5VRp_pRKCh&usqp=CAU,Chicken Adobo
https://encrypted-tbn0.gstatic.com/images?q=tbn%3AANd9GcQyheOBb6Ad1ZeLiNYXJ2NTNo_fx0g1RmD4U7uxEWCT6zU6ocuP&usqp=CAU,Chicken Adobo
https://encrypted-tbn0.gstatic.com/images?q=tbn%3AANd9GcRPQVE7R1ho12JI1Z4JWFNOjIsa4k2u8hrtSeGfvV66zZjnk5OW&usqp=CAU,Chicken Adobo
https://encrypted-tbn0.gstatic.com/images?q=tbn%3AANd9GcQ9P5KtnWCKnOY_JC3IS0PAev-DJx-qyn5grSVSfIDNppfj-qeO&usqp=CAU,Chicken Adobo
https://encrypted-tbn0.gstatic.com/images?q=tbn%3AANd9GcQCCSEveVlWrjcP-gFx4PcWXE8xTrsV6pINUuppTkJ5Fc8EG97Z&usqp=CAU,Chicken Adobo
https://encrypted-tbn0.gstatic.com/images?q=tbn%3AANd9GcQ0FqOpIcaykAkAa-yOoQ267QfZkOykBT9SdxzykYU6bNbMFCB6&usqp=CAU,Chicken Adobo
https://encrypted-tbn0.gstatic.com/images?q=tbn%3AANd9GcRaiuddTf52dUiXgBlHNSn0PbX-1sFMu3-07q7RO5jV4u9BN4ss&usqp=CAU,Chicken Adobo
https://encrypted-tbn0.gstatic.com/images?q=tbn%3AANd9GcQ-6WmlKqNRo6yfweVawb6fGWznBZZucTV4oKkHCnoKxAASUOLC&usqp=CAU,Chicken Adobo
https://encrypted-tbn0.gstatic.com/images?q=tbn%3AANd9GcTigEc6EniveERkJuM3F8fEmLv7zQSGsUDEhqT7FGU_i8VuCZ6s&usqp=CAU,Chicken Adobo
https://encrypted-tbn0.gstatic.com/images?q=tbn%3AANd9GcQTKV2GQeSL3GVPQc8UnIKoi43RVgrrPpB3S_KayF6JduZclBFT&usqp=CAU,Chicken Adobo
https://encrypted-tbn0.gstatic.com/images?q=tbn%3AANd9GcRk8YVV0mUXsm8s_9_6WB1o-ZmnhlsFpq-61DF7qKsavZGhPvon&usqp=CAU,Chicken Adobo
https://encrypted-tbn0.gstatic.com/images?q=tbn%3AANd9GcRHXvVozgFTxeyxcSGEOzki8-KomuW-QD8OZBGCtRy6vlbM04JK&usqp=CAU,Chicken Adobo
https://encrypted-tbn0.gstatic.com/images?q=tbn%3AANd9GcTOa04NQVIqA6Dm7hzeV__UuDfO7r5PdBQM5gAKSrW095YiW4Sp&usqp=CAU,Chicken Adobo
https://encrypted-tbn0.gstatic.com/images?q=tbn%3AANd9GcSFT-de7QuZNyM_t8qb0sGB_nVmeaAHZ5BCPde3GICG7bsMFaWv&usqp=CAU,Chicken Adobo
https://encrypted-tbn0.gstatic.com/images?q=tbn%3AANd9GcS02Ie0XHpvund6xKUGTHQ8q0wPDNfeZBLrPVJl-uQzYGcNhFY_&usqp=CAU,Chicken Adobo
https://encrypted-tbn0.gstatic.com/images?q=tbn%3AANd9GcS9pqkHzqwpHucAHjNmPHxO3V9LA8QoLq8tCCz7OfRqKZhUUnvJ&usqp=CAU,Chicken Adobo
https://encrypted-tbn0.gstatic.com/images?q=tbn%3AANd9GcSOijaTWp_Q4_yLrj9MaXYF3tXIaiBmTjrMA_ACZa728Iu8C44s&usqp=CAU,Chicken Adobo
https://encrypted-tbn0.gstatic.com/images?q=tbn%3AANd9GcQ4bOyqJGuTtMdJGjO0tUkpGRhaAG7djCQtRfSGEtzD4mcE0HvC&usqp=CAU,Chicken Adobo
https://encrypted-tbn0.gstatic.com/images?q=tbn%3AANd9GcTAuIaXq0mmzFTLZVJWQf4Sr2DXk5cCq0OlqoDoRbtfB08l0bhK&usqp=CAU,Chicken Adobo
https://encrypted-tbn0.gstatic.com/images?q=tbn%3AANd9GcQRAIoW8T_uwjD5dDEQqqq8HF8dTTH2aCWPJGbALPcwxh3tm6NR&usqp=CAU,Chicken Adobo
https://encrypted-tbn0.gstatic.com/images?q=tbn%3AANd9GcSoaceYWhz-LYvGPw6PKRGxHmxepipCs7z_jQxYOMRJ_FZbdO23&usqp=CAU,Chicken Adobo
https://encrypted-tbn0.gstatic.com/images?q=tbn%3AANd9GcREkmmWwtcDHN2oztg4qk6IYjJw3RaDCGUHNB3Ld3q-my8eJOMq&usqp=CAU,Chicken Adobo
https://encrypted-tbn0.gstatic.com/images?q=tbn%3AANd9GcR4R6VI_fvNGulaSo0R3IcWZ0h1NZNc3_CkWqdIU-mvLwJtH-Bi&usqp=CAU,Chicken Adobo
https://encrypted-tbn0.gstatic.com/images?q=tbn%3AANd9GcSvloCHy95-WGE6CKTBNkXumHB1PMUoRt55_AAj7KUK9pm7ROaR&usqp=CAU,Chicken Adobo
https://encrypted-tbn0.gstatic.com/images?q=tbn%3AANd9GcTrW3-7RWRIQF9VCTP0a2qJPPZGpCoyFtEXvlSj4149TefLvi5B&usqp=CAU,Chicken Adobo
https://encrypted-tbn0.gstatic.com/images?q=tbn%3AANd9GcSQjC9t6NjPowIoy2DAmiXBuCDNp6vwq-ukKKONxQKPvmnrnpWn&usqp=CAU,Chicken Adobo
https://encrypted-tbn0.gstatic.com/images?q=tbn%3AANd9GcQgyq7G56ZxXXhXz_-reoT2j-gd8mPN4qc8bHG22qG45GocX-C9&usqp=CAU,Chicken Adobo
https://encrypted-tbn0.gstatic.com/images?q=tbn%3AANd9GcTwiRd5Ix12BTV97bst6sVRQtWvYLA7q2a65JIAB91_nd9EH_HD&usqp=CAU,Chicken Adobo
https://encrypted-tbn0.gstatic.com/images?q=tbn%3AANd9GcRQi4mjknkC7A6aDprpfIjgQ3wg8JK40bDQkga8DAYdKo87O73g&usqp=CAU,Chicken Adobo
https://encrypted-tbn0.gstatic.com/images?q=tbn%3AANd9GcRc6MNlkDRdCrMJMkI0JDaoPbKRKpMabw2vzdsHqzJc_T6_qF9L&usqp=CAU,Chicken Adobo
https://encrypted-tbn0.gstatic.com/images?q=tbn%3AANd9GcRtyd3r0lDVY1PbPs46oAtVF_fcatai9UVR3rq1bXGilcaxaP2q&usqp=CAU,Chicken Adobo
https://encrypted-tbn0.gstatic.com/images?q=tbn%3AANd9GcTFQEtzyLUTCnqt04fMkWoX8afbV0TO24TTVnaLb9duf2SlZJ5Y&usqp=CAU,Chicken Adobo
https://encrypted-tbn0.gstatic.com/images?q=tbn%3AANd9GcRX9Bc_RgjJmtwtJUsfTTIUqQgXKw-w2lCI9QaMwj7O3kMiirns&usqp=CAU,Chicken Adobo
https://encrypted-tbn0.gstatic.com/images?q=tbn%3AANd9GcQEW76kuDlDCqKeW0-MJwewP3hYA1t3exbFwxJq5FINP6PqLIAN&usqp=CAU,Chicken Adobo
https://encrypted-tbn0.gstatic.com/images?q=tbn%3AANd9GcRb9fitcGy4y1nEn8G5qR9Uqq_LbK2Oe4jHFaSavqFmk7ZtuLd8&usqp=CAU,Chicken Adobo
https://encrypted-tbn0.gstatic.com/images?q=tbn%3AANd9GcS5StWbmWXn8Nky7w7SefwYLSZgq3ieMZdi8cV80sxAGSFu7-Vt&usqp=CAU,Chicken Adobo
https://encrypted-tbn0.gstatic.com/images?q=tbn%3AANd9GcSiGGF50uJDVaAYEtV28wzhQ2dSKTpb2W7xorHRL3W4wLRzTttR&usqp=CAU,Chicken Adobo
https://encrypted-tbn0.gstatic.com/images?q=tbn%3AANd9GcTnYG3KJGwMTrn7MKWB4U5mruXsYTZO2zBmaZbD2Ba6fTdsHQmV&usqp=CAU,Chicken Adobo
https://encrypted-tbn0.gstatic.com/images?q=tbn%3AANd9GcTh_FCldFe_i-2vFLschZRhvsOGUP9YcoV4AgXD6KTer2IqSblr&usqp=CAU,Chicken Adobo
https://encrypted-tbn0.gstatic.com/images?q=tbn%3AANd9GcQq6-fZ5s1psLzp9flvOyWteT4z6BQtz1ZBHFnQRqBVacEWH4Un&usqp=CAU,Chicken Adobo
https://encrypted-tbn0.gstatic.com/images?q=tbn%3AANd9GcT9nJj9OjUwKILDvanJKxnyk79JdbDIqwDNrJnccfpC20YDZSKl&usqp=CAU,Chicken Adobo
https://encrypted-tbn0.gstatic.com/images?q=tbn%3AANd9GcRHqR6lUx8LMVIX0Nq02kYLWT9eb7HCJyRbMPL2-_xAq9WBH39W&usqp=CAU,Chicken Adobo
https://encrypted-tbn0.gstatic.com/images?q=tbn%3AANd9GcTEhsGl3lHxzBO5U3v3M2s6XQ9UM6Zz0a7_u7uC0ZbUthSt1tUC&usqp=CAU,Chicken Adobo
https://encrypted-tbn0.gstatic.com/images?q=tbn%3AANd9GcQGiAowDrFkAgXDOhYOS7Axlv_NqX6TG2fAFtp4Xq-Y54hwcARb&usqp=CAU,Chicken Adobo
https://encrypted-tbn0.gstatic.com/images?q=tbn%3AANd9GcSMVs5QHMpq3XjPxPtvShMBfV_O3rSmoUCCPhhBXYu6QZz1ZHds&usqp=CAU,Chicken Adobo
https://encrypted-tbn0.gstatic.com/images?q=tbn%3AANd9GcRUYCxppUbUtcvxsGWb-wTX9lopMOG0_Epsg9fKAjuByCbuOVmu&usqp=CAU,Chicken Adobo
https://encrypted-tbn0.gstatic.com/images?q=tbn%3AANd9GcQeRpPon4xJJIoNL5rrxpikLOc9FOxsg2TUbAF7f7QaahSXqqSt&usqp=CAU,Chicken Adobo
https://encrypted-tbn0.gstatic.com/images?q=tbn%3AANd9GcQKdISUIGlAUql0I87rsnTlXB0yFBWOpO5GdFllkCNIKCzXgL1-&usqp=CAU,Chicken Adobo
https://encrypted-tbn0.gstatic.com/images?q=tbn%3AANd9GcTBwUogOZrNYL3VlM5xe1iW3WYwlwc8n0qQA_UYpCNeupMN5g8N&usqp=CAU,Chicken Adobo
https://encrypted-tbn0.gstatic.com/images?q=tbn%3AANd9GcQrl2-SL9qMqVjzRtc3RRa62ewF8XiL1goRfhVjjMx1SpRpuOW3&usqp=CAU,Chicken Adobo
https://encrypted-tbn0.gstatic.com/images?q=tbn%3AANd9GcRDzoZBjlb3sX5gdIUwbIy-14859BDxj3v79tVMDmn-U_fBHuV2&usqp=CAU,Chicken Adobo
https://encrypted-tbn0.gstatic.com/images?q=tbn%3AANd9GcQXhgK_AQG2xnckxYfNjiiiiIEjbD6CKiuyb5LTbZGR9zHml8rR&usqp=CAU,Chicken Adobo
https://encrypted-tbn0.gstatic.com/images?q=tbn%3AANd9GcTaTP8nseosU9_38JduJ481JglsYM8tqkgXdQtakRvpRJ7COOMl&usqp=CAU,Chicken Adobo
https://encrypted-tbn0.gstatic.com/images?q=tbn%3AANd9GcSVAChn4IJEanPWJvVkaHXecrWqjEK1rbkdMUBfQCeAC_5WPWoA&usqp=CAU,Chicken Adobo
https://encrypted-tbn0.gstatic.com/images?q=tbn%3AANd9GcTjuhYeeJYMyS4UogRKor00ezcOX5_XM7Oi8VAm_-bd4C1SDtlj&usqp=CAU,Chicken Adobo
https://encrypted-tbn0.gstatic.com/images?q=tbn%3AANd9GcRFvgAUZUjiRSsXZ-Qfu6Hrgc3T83t6lTD3jN-ttNLxWA51ec-X&usqp=CAU,Chicken Adobo
https://encrypted-tbn0.gstatic.com/images?q=tbn%3AANd9GcTDv67WK7VE0vT6bY4MvsJWecBAlyEwAKEPxaXPjbtAANHQ1X39&usqp=CAU,Chicken Adobo
https://encrypted-tbn0.gstatic.com/images?q=tbn%3AANd9GcQUoyd8EKFhk5LeZrgzxQGIfT9gHgMa-R-MFDKIjALIjV1ipVXm&usqp=CAU,Chicken Adobo
https://encrypted-tbn0.gstatic.com/images?q=tbn%3AANd9GcQPnXZ4a1KVopnhUVFwKGoFbrQZMDIb2_dbyFTuKWc9auBGB1kM&usqp=CAU,Chicken Adobo
https://encrypted-tbn0.gstatic.com/images?q=tbn%3AANd9GcTJDnfuykfa9uxHqVklpzpKpiu0Iv_hwYrIRSZnn0H6_bV7z-eD&usqp=CAU,Chicken Adobo
https://encrypted-tbn0.gstatic.com/images?q=tbn%3AANd9GcQ0sbW4dfz8cKD_zVI3yyIWDyO45wExeA0i52ZLmX__foMX7JLE&usqp=CAU,Chicken Adobo
https://encrypted-tbn0.gstatic.com/images?q=tbn%3AANd9GcS7OVld_wkoo4D_8rL9LZgP3vhb2a5E_GdzvJEpyh18Ut24a63S&usqp=CAU,Chicken Adobo
https://encrypted-tbn0.gstatic.com/images?q=tbn%3AANd9GcTLRqS4qjOT-WQCH8HkSO1x68Rpz6m3EyDPvf9olfhiqgj8oXte&usqp=CAU,Chicken Adobo
https://encrypted-tbn0.gstatic.com/images?q=tbn%3AANd9GcRq0NUGsm3S2m4Z0sL0ihSwRgxlqbaRE2BSgagIkv60G7W7VFLH&usqp=CAU,Chicken Adobo
https://encrypted-tbn0.gstatic.com/images?q=tbn%3AANd9GcS4o8D1KWKGbUmDyTLgYKR2YeuseSg-QzQGM-hOmOXhy91MjEWQ&usqp=CAU,Chicken Adobo
https://encrypted-tbn0.gstatic.com/images?q=tbn%3AANd9GcQpGpEA_aN52_X4rEKf4g3UshbCB2LiFI5d86jzJJNk-XCaIU49&usqp=CAU,Chicken Adobo
https://encrypted-tbn0.gstatic.com/images?q=tbn%3AANd9GcQSDjVon9CyLEWVrtkC1OWsaNESn2vOEDJAISCf1cDUdXnHtYIp&usqp=CAU,Chicken Adobo
https://encrypted-tbn0.gstatic.com/images?q=tbn%3AANd9GcTckfDAqa2hxbLT2DJH_pSkZFQ71aFKauPxWSy-duGRj9ighMZt&usqp=CAU,Chicken Adobo
https://encrypted-tbn0.gstatic.com/images?q=tbn%3AANd9GcSJBQgAJ5YMQaYDQOOcLMdJSut220sAdVxcTOHYzg8FeKTb2itg&usqp=CAU,Chicken Adobo
https://encrypted-tbn0.gstatic.com/images?q=tbn%3AANd9GcTmJ0SJiRndMKNUL96DdWn2vaeQKCkZXnZZ-d9IOkR1fZBbX7RS&usqp=CAU,Chicken Adobo
https://encrypted-tbn0.gstatic.com/images?q=tbn%3AANd9GcSv3yB-5rxe02th-xWERUPIiXEEDfaeGrsJXSnLQu4Yo8xbGL6m&usqp=CAU,Chicken Adobo
https://encrypted-tbn0.gstatic.com/images?q=tbn%3AANd9GcSyuCs4-r3dHkZasGTuVEh1F15seCfxlegz9RgU2c9c50KcZL2G&usqp=CAU,Chicken Adobo
https://encrypted-tbn0.gstatic.com/images?q=tbn%3AANd9GcQf87rPseXA7dp84PEqQaY2aD98GFztahycoYhDXQDmsCdZt7kE&usqp=CAU,Chicken Adobo
https://encrypted-tbn0.gstatic.com/images?q=tbn%3AANd9GcSxeh-QjZqKMsLQs9xrJDz_E2P5P1uw1AsI93QIIlAjM5SgkU4y&usqp=CAU,Chicken Adobo
https://encrypted-tbn0.gstatic.com/images?q=tbn%3AANd9GcTJf21h6-bMJ0JOCKBJPvNtH2cnegxhSyCHR6X6XFncHDHAaR_P&usqp=CAU,Chicken Adobo
https://encrypted-tbn0.gstatic.com/images?q=tbn%3AANd9GcQd55jHAm9opGc7V3mEZt4aqrxTIxysrZrtquGO2oD0FVLz8lFo&usqp=CAU,Chicken Adobo
https://encrypted-tbn0.gstatic.com/images?q=tbn%3AANd9GcT_c20rXme0eqSgDD3Mt4flmdvo9s5o41J7_LKtxjB92oYgR1r3&usqp=CAU,Chicken Adobo
https://encrypted-tbn0.gstatic.com/images?q=tbn%3AANd9GcSqGjNDHbVrarcvAviIWMaTDnwMBhwNfPz1emAq_vxei34NRLas&usqp=CAU,Chicken Adobo
https://encrypted-tbn0.gstatic.com/images?q=tbn%3AANd9GcSyT023fMJz2S9KPksqH4K5YB_BM-VL0twDgQzszzQwZa3y_tVB&usqp=CAU,Chicken Adobo
https://encrypted-tbn0.gstatic.com/images?q=tbn%3AANd9GcRvZhRuEIxAcXoQyDcGMCfm9nxJ9psIx-s4sInfwfXcRSsLFN1D&usqp=CAU,Chicken Adobo
https://encrypted-tbn0.gstatic.com/images?q=tbn%3AANd9GcTSAXhlBOPHxJT_Y62hx_8WlntO8GNg6J6apSJtkICfm5qnWpSG&usqp=CAU,Chicken Adobo
https://encrypted-tbn0.gstatic.com/images?q=tbn%3AANd9GcSh-P7rB5HgRhoFCNJxLHfHGtbJ5wW8UxRuI01P4Ca-DdmTmd7y&usqp=CAU,Chicken Adobo
https://encrypted-tbn0.gstatic.com/images?q=tbn%3AANd9GcSYnoFhiwaKWpo_6ULZdZPhmuesndueL7yV9qMk17UDAcVM24Nc&usqp=CAU,Chicken Adobo
https://encrypted-tbn0.gstatic.com/images?q=tbn%3AANd9GcSA66pj9Ze3YDdU40fIVfhY1NjPA1uApI3g_ZOAnAD12LNVhJku&usqp=CAU,Chicken Adobo
https://encrypted-tbn0.gstatic.com/images?q=tbn%3AANd9GcSeGtSu29MuvK39O6zgeq1ZzgdFpBPJuwpzVC0aaOrEYHs8B-7V&usqp=CAU,Chicken Adobo
https://encrypted-tbn0.gstatic.com/images?q=tbn%3AANd9GcS4Tpekrl8gEQK-yX2p95DPnFnLTrlWWFMlA-c0FE0T_bMZJddw&usqp=CAU,Chicken Adobo
https://encrypted-tbn0.gstatic.com/images?q=tbn%3AANd9GcSJHIvElkjrGEVSalCUYgHbzJrUDVJFY7I8uK5QJkemwPhi9xsh&usqp=CAU,Chicken Adobo
https://encrypted-tbn0.gstatic.com/images?q=tbn%3AANd9GcR4CD91BhL2REmmKpaKYRwWpFM2_LKyXq9oyIOLuZC4gi1zWGb2&usqp=CAU,Chicken Adobo
https://encrypted-tbn0.gstatic.com/images?q=tbn%3AANd9GcSb-JPXY2Qu9TlVEjVuQfwYfJR14-PNP_r_5yUWJtrIPOEBiAVy&usqp=CAU,Chicken Adobo
https://encrypted-tbn0.gstatic.com/images?q=tbn%3AANd9GcR8IMrn2IuxzPA559bOoo_Z7uk8Tq6Cb2SGATdJ2U6XmIdK4qc-&usqp=CAU,Chicken Adobo
https://encrypted-tbn0.gstatic.com/images?q=tbn%3AANd9GcRLYbTu80A3JIXTfxxMxUIrbwTCT2HSMi1AzpS7U9_NGPKBeJrC&usqp=CAU,Chicken Adobo
