https://encrypted-tbn0.gstatic.com/images?q=tbn%3AANd9GcQNKUCo1S5yfceOU4nl6dsUTewRsYifHS27n5kIi0nk5KMLLphv&usqp=CAU,Ginataang Gulay/Kare-kare
https://encrypted-tbn0.gstatic.com/images?q=tbn%3AANd9GcQUrdtqwNboabxTGpaY7f7FjZQhGRyd2C4OBdQRObmmJpKIUL01&usqp=CAU,Ginataang Gulay/Kare-kare
https://encrypted-tbn0.gstatic.com/images?q=tbn%3AANd9GcQJUJ2k-Kuaw84s1VmJpKqEdW2jJNHm1DRCeo9ChVB4YZIPzF2u&usqp=CAU,Ginataang Gulay/Kare-kare
https://encrypted-tbn0.gstatic.com/images?q=tbn%3AANd9GcRrXzvokegVfV2b6SrMU9N3zCAgjIONSb1Wg2rO8dFkst7eYsx_&usqp=CAU,Ginataang Gulay/Kare-kare
https://encrypted-tbn0.gstatic.com/images?q=tbn%3AANd9GcQdUgOckQaE4ldry3WYyy-iZKBPDYie6kWND8bmK9VHGB0NtEp9&usqp=CAU,Ginataang Gulay/Kare-kare
https://encrypted-tbn0.gstatic.com/images?q=tbn%3AANd9GcRyZvllvhSkymgPvXqJOvsHKm5TsvINzkO4OhdGctEvWdTyvgD8&usqp=CAU,Ginataang Gulay/Kare-kare
https://encrypted-tbn0.gstatic.com/images?q=tbn%3AANd9GcQrbSz56fFC_eTjZ1zGwD3CFwsiwRmkyrSroiQvhhVXd7_xRfpL&usqp=CAU,Ginataang Gulay/Kare-kare
https://encrypted-tbn0.gstatic.com/images?q=tbn%3AANd9GcT9FC-PRgq7beXBGJsOJsaN3NO7mjHNQNZTbGINYDNnzuQ9VRAH&usqp=CAU,Ginataang Gulay/Kare-kare
https://encrypted-tbn0.gstatic.com/images?q=tbn%3AANd9GcTdlMzUqvtZPf8wzILDEe0fAqqrmhIU7sA3vUV9MQdDATpY4P2W&usqp=CAU,Ginataang Gulay/Kare-kare
https://encrypted-tbn0.gstatic.com/images?q=tbn%3AANd9GcQA7rAr4PrB7OpKxMY5YxNe2fl1ZtH6YfCDWYnKsw1NZI14j7aP&usqp=CAU,Ginataang Gulay/Kare-kare
https://encrypted-tbn0.gstatic.com/images?q=tbn%3AANd9GcRRgkyKvX1ySTH5oss0Nsh8VkfPEW1i82FCr-FhORQLEYv7kVvC&usqp=CAU,Ginataang Gulay/Kare-kare
https://encrypted-tbn0.gstatic.com/images?q=tbn%3AANd9GcS4UuNjqre5oEGdXwWTWBJCzRKSO2naBoLkb9jyeTliOErUEc-U&usqp=CAU,Ginataang Gulay/Kare-kare
https://encrypted-tbn0.gstatic.com/images?q=tbn%3AANd9GcSdWwqoj1bAVxzdW9HbkaRDdRUWYGgIiDcj_Wz26ZY6wwDXBudn&usqp=CAU,Ginataang Gulay/Kare-kare
https://encrypted-tbn0.gstatic.com/images?q=tbn%3AANd9GcTm1P5dJnw-Cd2iRWEtngosdfpAnoOkvNj1ggwaB2crr9nOnk7o&usqp=CAU,Ginataang Gulay/Kare-kare
https://encrypted-tbn0.gstatic.com/images?q=tbn%3AANd9GcRjX_j0WwXNxWZv2WTcqiAbePzf4Q_5nPKxGlXPPZxWztriMR_l&usqp=CAU,Ginataang Gulay/Kare-kare
https://encrypted-tbn0.gstatic.com/images?q=tbn%3AANd9GcS56LwzDuI8Ga991ixNixjGlw96MySE7R0QYr9Fv7i_tvZsIP6L&usqp=CAU,Ginataang Gulay/Kare-kare
https://encrypted-tbn0.gstatic.com/images?q=tbn%3AANd9GcQCiln1UxMpmPuVMnnrj0C31adgppwgpFBB_sPVnKHi3T2F-P4g&usqp=CAU,Ginataang Gulay/Kare-kare
https://encrypted-tbn0.gstatic.com/images?q=tbn%3AANd9GcTn3nWTUVrFSFd-tfXb9BQrOSwjcYUnZP3v-EasygOjZNzBr5NZ&usqp=CAU,Ginataang Gulay/Kare-kare
https://encrypted-tbn0.gstatic.com/images?q=tbn%3AANd9GcSip3JSe2ItmCj3z6Zkq0u2b33pETlkiaPquD92-e86Vtv7BE0f&usqp=CAU,Ginataang Gulay/Kare-kare
https://encrypted-tbn0.gstatic.com/images?q=tbn%3AANd9GcTMVeVs5EbLbuRmqgBbeYtiko0AlUjs4LBb4nU202rcFIirVqFA&usqp=CAU,Ginataang Gulay/Kare-kare
https://encrypted-tbn0.gstatic.com/images?q=tbn%3AANd9GcT3tLVMEMk514T--HlM2ope12xVduWX7YjCxbr7PYIVQiU4D6en&usqp=CAU,Ginataang Gulay/Kare-kare
https://encrypted-tbn0.gstatic.com/images?q=tbn%3AANd9GcSWQvihhDL2QYtHFrOA2KrIgFHe3Fig9eNVBR38vvt3Uvq4yYZU&usqp=CAU,Ginataang Gulay/Kare-kare
https://encrypted-tbn0.gstatic.com/images?q=tbn%3AANd9GcRNfYAWHfkzNVpRmtfGtH6UFcEyKLg32CVo13fqhBZpbpMR-Bj4&usqp=CAU,Ginataang Gulay/Kare-kare
https://encrypted-tbn0.gstatic.com/images?q=tbn%3AANd9GcS_vOTpdciwqH-_9zCZoUoG_UX8VdUy1tMo8uwkz47GtDqgTuKS&usqp=CAU,Ginataang Gulay/Kare-kare
https://encrypted-tbn0.gstatic.com/images?q=tbn%3AANd9GcRxaFGaZ7b1MRWEBGsmTVe47-G73YXx4oGtUZYqY3DhdWfZ0cN4&usqp=CAU,Ginataang Gulay/Kare-kare
https://encrypted-tbn0.gstatic.com/images?q=tbn%3AANd9GcTjABzFx8c1cA6xUYH6IU_4WFh1Vp4GMusYvXEtwtRzgNuoPiDb&usqp=CAU,Ginataang Gulay/Kare-kare
https://encrypted-tbn0.gstatic.com/images?q=tbn%3AANd9GcQHwgMuhcLpuvQh5m28QhMO9cDGLd2aGLlVFNu2rRH68tXx7amp&usqp=CAU,Ginataang Gulay/Kare-kare
https://encrypted-tbn0.gstatic.com/images?q=tbn%3AANd9GcSbJPtkEp6QuIOrLE6QeitY1X97Hc3vHKK9Q3frKtUIL00cGNao&usqp=CAU,Ginataang Gulay/Kare-kare
https://encrypted-tbn0.gstatic.com/images?q=tbn%3AANd9GcTQ8kxJ6FB0K9WbdpAeL7TpZ7mHEaIglLz94tdSSW3AuQ1jZnJ9&usqp=CAU,Ginataang Gulay/Kare-kare
https://encrypted-tbn0.gstatic.com/images?q=tbn%3AANd9GcQ7mcXGPcz_5VQMFrZcp9CHj_yEMJ7_-U-gMOoqCiDi-Y3YWB6x&usqp=CAU,Ginataang Gulay/Kare-kare
https://encrypted-tbn0.gstatic.com/images?q=tbn%3AANd9GcRrNMHcj1_7qfbC0rnH4TkBhuSHuAgO9PSvU5kXzxNfxJ3UIzFp&usqp=CAU,Ginataang Gulay/Kare-kare
https://encrypted-tbn0.gstatic.com/images?q=tbn%3AANd9GcQ8jOOvLvnL21z0aiD-iCpm9vlb1K5H0SF1i5j6Zo5S2HPUTliP&usqp=CAU,Ginataang Gulay/Kare-kare
https://encrypted-tbn0.gstatic.com/images?q=tbn%3AANd9GcQyZ3xiNmEtuiJRFWkzH6IxtOsswmN9I08JTO1KfUvPde7gcxxN&usqp=CAU,Ginataang Gulay/Kare-kare
https://encrypted-tbn0.gstatic.com/images?q=tbn%3AANd9GcSc9cR_lM7KnvEaSHlcG60TKB4u7eLeWMlmrb3m0mNZ3tU1yzqX&usqp=CAU,Ginataang Gulay/Kare-kare
https://encrypted-tbn0.gstatic.com/images?q=tbn%3AANd9GcSBDMQbVQw_-Uy0SWrn_MhpdtBOu5Wmsklc6i-w2MfQg4lLDt47&usqp=CAU,Ginataang Gulay/Kare-kare
https://encrypted-tbn0.gstatic.com/images?q=tbn%3AANd9GcRDJdJ2HVgGUkzZgIPxFWhp-0u09RpjND1SSPEOkhpGvIwva_lj&usqp=CAU,Ginataang Gulay/Kare-kare
https://encrypted-tbn0.gstatic.com/images?q=tbn%3AANd9GcSbmicnAPCupIV6NbnoM6FXB-JcvB1bkjBSI-gB3oOxgJhGNbuD&usqp=CAU,Ginataang Gulay/Kare-kare
https://encrypted-tbn0.gstatic.com/images?q=tbn%3AANd9GcR2jsL_zIDR6DP-ERTQEQqKu4yxqzU7S2K8exR4I2yxVvbBBreE&usqp=CAU,Ginataang Gulay/Kare-kare
https://encrypted-tbn0.gstatic.com/images?q=tbn%3AANd9GcTX54T3KW8U3Om4QSSBycRabFwFM6aPcHMbzNE_96TXVpkOMaUh&usqp=CAU,Ginataang Gulay/Kare-kare
https://encrypted-tbn0.gstatic.com/images?q=tbn%3AANd9GcRY6CK74CVe6Vkrw_UbmhMHbixJhFh_r1BiuHwLLCPovAz5Wx2a&usqp=CAU,Ginataang Gulay/Kare-kare
https://encrypted-tbn0.gstatic.com/images?q=tbn%3AANd9GcTzLVw1MHvia6wtYr-pEt14qIL1ph_8-Mj-t6ZTlbGRFZgvbVHj&usqp=CAU,Ginataang Gulay/Kare-kare
https://encrypted-tbn0.gstatic.com/images?q=tbn%3AANd9GcTSIqvgYOm9IBj_rpeldxfCiqRE0KStKLkQq0dLToVOFzBzgZ_z&usqp=CAU,Ginataang Gulay/Kare-kare
https://encrypted-tbn0.gstatic.com/images?q=tbn%3AANd9GcQcumw1Z4rR1RWGjqNWrDJ8sOStF_Wu5lmrYsD3s_Ey9Fr78P5Y&usqp=CAU,Ginataang Gulay/Kare-kare
https://encrypted-tbn0.gstatic.com/images?q=tbn%3AANd9GcT0BGvm2WilMpqdOYer5tVhzI7G8MyGQxqS7AqvbYJR8WItF9YA&usqp=CAU,Ginataang Gulay/Kare-kare
https://encrypted-tbn0.gstatic.com/images?q=tbn%3AANd9GcSxLNtVb6QtVIfrVcDs0TWAdGxDgFZJtsA_v2c5poqrTEj00bCi&usqp=CAU,Ginataang Gulay/Kare-kare
https://encrypted-tbn0.gstatic.com/images?q=tbn%3AANd9GcSjDCRy2MyHreeIaHph3mTzAXgj6pw-3udbjWE6scEP0OUpbTsW&usqp=CAU,Ginataang Gulay/Kare-kare
https://encrypted-tbn0.gstatic.com/images?q=tbn%3AANd9GcRjR4D-OBDmpHt3vpt9hTxFVolV4ttY8mf8QalFXXAjUpWRLJn3&usqp=CAU,Ginataang Gulay/Kare-kare
https://encrypted-tbn0.gstatic.com/images?q=tbn%3AANd9GcRrHwslLeNFMCy_f8mS2G3o8cRBFNtZUFg5mWw6ZDoQOw8D4fQO&usqp=CAU,Ginataang Gulay/Kare-kare
https://encrypted-tbn0.gstatic.com/images?q=tbn%3AANd9GcRb_05hZ-w7J8FXbvt1bDQS-gA2FNO-hGTB5pCLNDgX6NHXFHFu&usqp=CAU,Ginataang Gulay/Kare-kare
https://encrypted-tbn0.gstatic.com/images?q=tbn%3AANd9GcS8Y75p4zAA6mDWiv9AWPs5g-sqyHfMcGj-Xf_cMnJDlOrS-iBy&usqp=CAU,Ginataang Gulay/Kare-kare
https://encrypted-tbn0.gstatic.com/images?q=tbn%3AANd9GcTF7446c-QhhkWOR0AWnjL3pvyxT29R0lUNkcZAQoCPN5VlJHu0&usqp=CAU,Ginataang Gulay/Kare-kare
https://encrypted-tbn0.gstatic.com/images?q=tbn%3AANd9GcQjkztrzp84KgaGcyvqAVDHOn6NLJ_yQwJUo0lBenGFuVZSTb8s&usqp=CAU,Ginataang Gulay/Kare-kare
https://encrypted-tbn0.gstatic.com/images?q=tbn%3AANd9GcQaKn57TfnRbOd7xm3g7jOtBwo1odMMc3X7jnYJC5yTGT-goxyz&usqp=CAU,Ginataang Gulay/Kare-kare
https://encrypted-tbn0.gstatic.com/images?q=tbn%3AANd9GcTx_KEbOk8tNuEZAhQ-VQzqgoYf4Ioyg4SLbYRpSnvoisi8vFou&usqp=CAU,Ginataang Gulay/Kare-kare
https://encrypted-tbn0.gstatic.com/images?q=tbn%3AANd9GcTa7uo9A7TN_T6zEbtphJwJKqzxADPevgOr8AghJj2D9w434TxO&usqp=CAU,Ginataang Gulay/Kare-kare
https://encrypted-tbn0.gstatic.com/images?q=tbn%3AANd9GcRixpE_wtZsR5OCpp_2r0bxOC8L7pREQDxQRvgNGUZIhDwPYM1o&usqp=CAU,Ginataang Gulay/Kare-kare
https://encrypted-tbn0.gstatic.com/images?q=tbn%3AANd9GcQFfkpH0cSQMDbls24RGca1O3B5XJIW7wbc953ML2W88y0b2VeN&usqp=CAU,Ginataang Gulay/Kare-kare
https://encrypted-tbn0.gstatic.com/images?q=tbn%3AANd9GcQeZ0ZnMlL-HRlGNPFDxk6MT5LNJqvCawVk9jpzU3bWCTimyzOn&usqp=CAU,Ginataang Gulay/Kare-kare
https://encrypted-tbn0.gstatic.com/images?q=tbn%3AANd9GcSq9nrlaLh0R_17Ldx8Vs0U3mgBAuRVoo8Jg8j9XGy1GDFZpnHq&usqp=CAU,Ginataang Gulay/Kare-kare
https://encrypted-tbn0.gstatic.com/images?q=tbn%3AANd9GcTvDuEOW3LfOtU5GTzZgMKQeGT-FS2zVaIdb4UWPbJnKrRq3IIz&usqp=CAU,Ginataang Gulay/Kare-kare
https://encrypted-tbn0.gstatic.com/images?q=tbn%3AANd9GcR_i5uiB5WgELNkxWG2lq0F6v1P27Qs6Qo960VbyhJsROQoOhXp&usqp=CAU,Ginataang Gulay/Kare-kare
https://encrypted-tbn0.gstatic.com/images?q=tbn%3AANd9GcSl9uK0jQGkraVf5QZNeIAytP_JmPIPNepnG_77Pgpmxz5Wn1IA&usqp=CAU,Ginataang Gulay/Kare-kare
https://encrypted-tbn0.gstatic.com/images?q=tbn%3AANd9GcRd-ajcXy2h7AnpOitzMoeO40OBBA4CCd7fz-ca0u4VOOWNxNcJ&usqp=CAU,Ginataang Gulay/Kare-kare
https://encrypted-tbn0.gstatic.com/images?q=tbn%3AANd9GcQIpVMMQO2YYL_f412dQOLlmObD_GvZkBBw00A4Mer1wAtC-FRU&usqp=CAU,Ginataang Gulay/Kare-kare
https://encrypted-tbn0.gstatic.com/images?q=tbn%3AANd9GcSJiNV9JgWkY8ZKvOjIaQY2vz_8nEfZODWVzIFLCIGLM5W-8-Ey&usqp=CAU,Ginataang Gulay/Kare-kare
https://encrypted-tbn0.gstatic.com/images?q=tbn%3AANd9GcTRH83EBMYJ-hERTJJj6O01vivtvA_OskUwlG9ZOF5RKkU9wRmp&usqp=CAU,Ginataang Gulay/Kare-kare
https://encrypted-tbn0.gstatic.com/images?q=tbn%3AANd9GcSleJvHaCWU6OaUqKbGUsJS9dsPnsz-SR7zrjuW-MGSIbyp21Mk&usqp=CAU,Ginataang Gulay/Kare-kare
https://encrypted-tbn0.gstatic.com/images?q=tbn%3AANd9GcS1BDFJdiJUrWCTcI_pnABvHetEK3tM1ImI_5UmmDvECVopgrJ8&usqp=CAU,Ginataang Gulay/Kare-kare
https://encrypted-tbn0.gstatic.com/images?q=tbn%3AANd9GcQ7Y-ykMiz_syj1m3n18iLNPqOGSGUbGxTrWi32ER2XYGx_SRSH&usqp=CAU,Ginataang Gulay/Kare-kare
https://encrypted-tbn0.gstatic.com/images?q=tbn%3AANd9GcQk2Xk-h9Fd_MIZQN53iy975d7GKs5zTE528RaoXJGC4_7tHAnx&usqp=CAU,Ginataang Gulay/Kare-kare
https://encrypted-tbn0.gstatic.com/images?q=tbn%3AANd9GcQexnJaDUWS5ZkQBCOmlIxhW0C8u9DPNZv7H0HW873Rap8Eoa5p&usqp=CAU,Ginataang Gulay/Kare-kare
https://encrypted-tbn0.gstatic.com/images?q=tbn%3AANd9GcTTwgYFUgDSkPfgeVqvrpXK-Eup9hLANZ8TMQ1Qs7VbzmHh2uY-&usqp=CAU,Ginataang Gulay/Kare-kare
https://encrypted-tbn0.gstatic.com/images?q=tbn%3AANd9GcSvvhK8azMTJz7Pa3uVHa9UepZVUaFuhQMgvcXtc56_T_YrBJkm&usqp=CAU,Ginataang Gulay/Kare-kare
https://encrypted-tbn0.gstatic.com/images?q=tbn%3AANd9GcQ5uTpQyCUAwtWX-E1P5ehZYYL-aZXyFEdISmRq5KZoR6yNwcXB&usqp=CAU,Ginataang Gulay/Kare-kare
https://encrypted-tbn0.gstatic.com/images?q=tbn%3AANd9GcT0gdtu7W2WjoPUp4WkPY1H2za3iKBlea2PJLVH7mLFbO0F4ML9&usqp=CAU,Ginataang Gulay/Kare-kare
https://encrypted-tbn0.gstatic.com/images?q=tbn%3AANd9GcRE63c3NDKMzfmSpxh3-frAYA9UXc4tWh9PRMpSE3vWtJlhmgiT&usqp=CAU,Ginataang Gulay/Kare-kare
https://encrypted-tbn0.gstatic.com/images?q=tbn%3AANd9GcR9IemvT-AfE9Pmzns_i3X1oAxFYtA_5IxprMMIHkbdh96m4PI1&usqp=CAU,Ginataang Gulay/Kare-kare
https://encrypted-tbn0.gstatic.com/images?q=tbn%3AANd9GcRxYz28ZOgW2-Ex1Hkw0tibDC9QYgZreIh0lTRBqrPWBahzAaNN&usqp=CAU,Ginataang Gulay/Kare-kare
https://encrypted-tbn0.gstatic.com/images?q=tbn%3AANd9GcSb-E7VA1LzujukRMNnJUMaCqgAof142E2rIMP64q_LdF7KHHTB&usqp=CAU,Ginataang Gulay/Kare-kare
https://encrypted-tbn0.gstatic.com/images?q=tbn%3AANd9GcTvsNGAr5Ol-EMc9EfYMgdnDsgYJq5FTFj_Ln1PVRhkPqEgSqdz&usqp=CAU,Ginataang Gulay/Kare-kare
https://encrypted-tbn0.gstatic.com/images?q=tbn%3AANd9GcT1w0RwVOnuuWq_GeitBG45HiahnlV2Ht-ZMCV74tlY4sr5YOYz&usqp=CAU,Ginataang Gulay/Kare-kare
https://encrypted-tbn0.gstatic.com/images?q=tbn%3AANd9GcTjutJ9zvVDrccNRE9Ayr7N3b55-5OE8vsY6HX-KN2dYHz8psXl&usqp=CAU,Ginataang Gulay/Kare-kare
https://encrypted-tbn0.gstatic.com/images?q=tbn%3AANd9GcQiLd2weZ4P2H2s2UVgj1jB2iCQLUcaxNTEqdPsb1X0Uxk0SoUh&usqp=CAU,Ginataang Gulay/Kare-kare
https://encrypted-tbn0.gstatic.com/images?q=tbn%3AANd9GcSVudm76DP7329HWw0ERJCe-F7Edee6teC0PixAVbPd8CPHA7Fm&usqp=CAU,Ginataang Gulay/Kare-kare
https://encrypted-tbn0.gstatic.com/images?q=tbn%3AANd9GcRmNXAcvq0kr8zxza6a-yDDj7-ULcjARVmoI30Bd8hUoNYqNHur&usqp=CAU,Ginataang Gulay/Kare-kare
https://encrypted-tbn0.gstatic.com/images?q=tbn%3AANd9GcQcSdZh_bXfgr6bROexcghra9MohmVTqxdykwNlpw1IBEJUzngw&usqp=CAU,Ginataang Gulay/Kare-kare
https://encrypted-tbn0.gstatic.com/images?q=tbn%3AANd9GcRhloNVYvOn4bFQC1Q5iTB7UL6AGjvgtrHg6fxW6K6ylqb1fD7A&usqp=CAU,Ginataang Gulay/Kare-kare
https://encrypted-tbn0.gstatic.com/images?q=tbn%3AANd9GcSKuoVSUAjqyNtHeLprG2uO6NC8zjVC6HvLajn4IaVJExJFv6mZ&usqp=CAU,Ginataang Gulay/Kare-kare
https://encrypted-tbn0.gstatic.com/images?q=tbn%3AANd9GcSZnuwDIeLoQvYuLrONGedugjoH6XH83aqu_f-NtN3-sHIC_M30&usqp=CAU,Ginataang Gulay/Kare-kare
https://encrypted-tbn0.gstatic.com/images?q=tbn%3AANd9GcTPkHDHOK2_iOxMRQ2oyPotJZ91bdlyueXfzuqNY150MTSDTOd_&usqp=CAU,Ginataang Gulay/Kare-kare
https://encrypted-tbn0.gstatic.com/images?q=tbn%3AANd9GcSZ_ZuxF83NbLl3iBjssq8JTkzFUMjx61NzbL9Q0-6fkcx0z13_&usqp=CAU,Ginataang Gulay/Kare-kare
https://encrypted-tbn0.gstatic.com/images?q=tbn%3AANd9GcSlnKIhnAPsTRSyrmvJlAugmFCmb0Add3Sn9pnZboo-8nN0GrEM&usqp=CAU,Ginataang Gulay/Kare-kare
https://encrypted-tbn0.gstatic.com/images?q=tbn%3AANd9GcRYrcf7Jjwh0hrE9_Lbjf5GGhbwEruYcVETKzthOtUuIQcX1dq-&usqp=CAU,Ginataang Gulay/Kare-kare
https://encrypted-tbn0.gstatic.com/images?q=tbn%3AANd9GcSTQl_q7Qf9pVRhP_iMhUPQibh90MFt_d2TdrdBmMh5AfjJQMvf&usqp=CAU,Ginataang Gulay/Kare-kare
https://encrypted-tbn0.gstatic.com/images?q=tbn%3AANd9GcT1a3KtC0vgmuLovzbUywNhgeLmffj-8rjzhsBxhhW5XnL2yRo_&usqp=CAU,Ginataang Gulay/Kare-kare
https://encrypted-tbn0.gstatic.com/images?q=tbn%3AANd9GcQDZujlv1v8SozI4LwbwpCt7X13w1JckPFOY55vO7GeqFIWVUxu&usqp=CAU,Ginataang Gulay/Kare-kare
https://encrypted-tbn0.gstatic.com/images?q=tbn%3AANd9GcTJTsndM7_BxKmpsWI2jj2SwMTJfiUbl2TwramVGaWnSCcFN0Ka&usqp=CAU,Ginataang Gulay/Kare-kare
https://encrypted-tbn0.gstatic.com/images?q=tbn%3AANd9GcQct7fWidMMnMomZNepuoqs2n66m13egWOzWbN-IIatEyBmRePU&usqp=CAU,Ginataang Gulay/Kare-kare
