https://encrypted-tbn0.gstatic.com/images?q=tbn%3AANd9GcRuBk1LRwDc3l82azrvO8al9QYy_dukIHo4OVQQeR6Q12tC0h0h&usqp=CAU,Kinilaw
https://encrypted-tbn0.gstatic.com/images?q=tbn%3AANd9GcTbSP8fIjGlFmJOoOklBBfeDSjECfMsJ1T8E_bzzf9m6v1M8vU_&usqp=CAU,Kinilaw
https://encrypted-tbn0.gstatic.com/images?q=tbn%3AANd9GcSClwThoSGrE1uFtJNcHTSdUxV2ZkRbZaWp7h01hIj1UWOIdnGJ&usqp=CAU,Kinilaw
https://encrypted-tbn0.gstatic.com/images?q=tbn%3AANd9GcRsmt91JvzLVCoabpuW0SSkvMtXCXxPs2YEuq0ftkRPgAzL3PY5&usqp=CAU,Kinilaw
https://encrypted-tbn0.gstatic.com/images?q=tbn%3AANd9GcQOS7r9SPtr3YU_RwqPLkq2Pm17ObmCxH-_68e_r1DwWIXBpe2c&usqp=CAU,Kinilaw
https://encrypted-tbn0.gstatic.com/images?q=tbn%3AANd9GcR6_0YWDQI1pm7LGvi3TXh7AoV6U2VEkLzHxMK4iZSAhkIWv3jo&usqp=CAU,Kinilaw
https://encrypted-tbn0.gstatic.com/images?q=tbn%3AANd9GcSNki3_RXeUwggiftbSG8rFxahnyj2wfNusSs77YnPPuwJt_rVR&usqp=CAU,Kinilaw
https://encrypted-tbn0.gstatic.com/images?q=tbn%3AANd9GcSni_DZ0Loawqr4Y11xq18udb_LpGcfL0Zr6ca0ejdKUT5kRg81&usqp=CAU,Kinilaw
https://encrypted-tbn0.gstatic.com/images?q=tbn%3AANd9GcQqnGqwdYDZeAaoZ0i3TUs2TEaEPhgm69FfQBIB7xG5iKa8qgiZ&usqp=CAU,Kinilaw
https://encrypted-tbn0.gstatic.com/images?q=tbn%3AANd9GcTPdpxzDOB7d_r-3AuiFqyZZdlkn43YsCLzIrKHGTelvoZRpCjj&usqp=CAU,Kinilaw
https://encrypted-tbn0.gstatic.com/images?q=tbn%3AANd9GcTTzuh7zvovCpqMlh8oA4DSuomdjpKUrN1cKHykHKuDJmOKflx6&usqp=CAU,Kinilaw
https://encrypted-tbn0.gstatic.com/images?q=tbn%3AANd9GcSg7whS9B7LyDegxdPtWmHaLfcQ6zxR5vMutQqghir748RMQtrs&usqp=CAU,Kinilaw
https://encrypted-tbn0.gstatic.com/images?q=tbn%3AANd9GcT_VNYr-BSS-3Q36qj31ARikBKbFzyqFRQa7xMHiLllqxKgDBbT&usqp=CAU,Kinilaw
https://encrypted-tbn0.gstatic.com/images?q=tbn%3AANd9GcSrwMiwxq3o7jU7yNAkSHeFS0iwNWLH2wgenNIAtMyNT5wHAiMA&usqp=CAU,Kinilaw
https://encrypted-tbn0.gstatic.com/images?q=tbn%3AANd9GcTFAiZyBkctZQhF395He2lS29RsFJM8XlwOMVSCU9vSJILZ3XDc&usqp=CAU,Kinilaw
https://encrypted-tbn0.gstatic.com/images?q=tbn%3AANd9GcRkcNQg7I9H_1Vwc-i2eXLXkgG0ITja5o3aGsT_sedxG6hXzf2V&usqp=CAU,Kinilaw
https://encrypted-tbn0.gstatic.com/images?q=tbn%3AANd9GcTtUVWEW6jCjQFTl93hN-w37DuKGCcSulMYi_YgzR0Mw0-XLpHo&usqp=CAU,Kinilaw
https://encrypted-tbn0.gstatic.com/images?q=tbn%3AANd9GcR_PXMyJS1MwPgM7TkW61TThwF0CcHgEDQNj6aGcd3kaXxnGyj4&usqp=CAU,Kinilaw
https://encrypted-tbn0.gstatic.com/images?q=tbn%3AANd9GcRD86l2mCHp5GePmn4w19bu5BRvTzyUoCy_rf6kUXuTPOr_zdrP&usqp=CAU,Kinilaw
https://encrypted-tbn0.gstatic.com/images?q=tbn%3AANd9GcSdnUkw0l6BFXCuKCRBALtVjHv5rTnMzhh4Bu1AXjbhgTDdgr3m&usqp=CAU,Kinilaw
https://encrypted-tbn0.gstatic.com/images?q=tbn%3AANd9GcSH8oh3xIW9EgAR_22kziAtIjgMlU72vWqvEklo2CZNR5X3yp1N&usqp=CAU,Kinilaw
https://encrypted-tbn0.gstatic.com/images?q=tbn%3AANd9GcSPG1q8scdgh5e4_TYD8aSk1uXbkhmTkMKFtY3JLxBmwZC40ysp&usqp=CAU,Kinilaw
https://encrypted-tbn0.gstatic.com/images?q=tbn%3AANd9GcTGbppxCnLQhAkz5bttSKcSHBPgDZgh7uBIJBIOPxiDsXG3FZqC&usqp=CAU,Kinilaw
https://encrypted-tbn0.gstatic.com/images?q=tbn%3AANd9GcQ75Wy5Q4w6oDBicApvX06Nj-f6VDlndzZnK93_8dZik7SAok1K&usqp=CAU,Kinilaw
https://encrypted-tbn0.gstatic.com/images?q=tbn%3AANd9GcSzAvCL4eG-XNVb7RcRSqbdx3HVhWmJj457F2eYxWWFOfsAZkYp&usqp=CAU,Kinilaw
https://encrypted-tbn0.gstatic.com/images?q=tbn%3AANd9GcQugGzu2EuEzXq7J81hcXbzW_QdIzFyaYVh3VIuLYX57zPQAe4B&usqp=CAU,Kinilaw
https://encrypted-tbn0.gstatic.com/images?q=tbn%3AANd9GcTIxh3VH7oE6BrxIhaD-ZmDbDD5l8PPg5Rx3HhqLgYtufa5LnBP&usqp=CAU,Kinilaw
https://encrypted-tbn0.gstatic.com/images?q=tbn%3AANd9GcSqMtJj31j__3S5De0jYWB55Pv-zRFaCAkUygIOLG9VifBGKHv1&usqp=CAU,Kinilaw
https://encrypted-tbn0.gstatic.com/images?q=tbn%3AANd9GcQebpVLxhWyidA_-qk6r9FLL1JX-TAEgvHgWN4iZHF0A-lMQUpQ&usqp=CAU,Kinilaw
https://encrypted-tbn0.gstatic.com/images?q=tbn%3AANd9GcTipCYX9GiJGWnXynoYpk5zwzwSk_TySne5s4l0_Rm_5TiUrrtQ&usqp=CAU,Kinilaw
https://encrypted-tbn0.gstatic.com/images?q=tbn%3AANd9GcSU1boWVNxaJ_tLKr__xaHUdqtCHiDZV6pUk3X1rSekMBjFqe1F&usqp=CAU,Kinilaw
https://encrypted-tbn0.gstatic.com/images?q=tbn%3AANd9GcSqAhURIoqM1PqYHX3UoHiqgFTjVcTWzhk3uSa_zOV9PnzcjksN&usqp=CAU,Kinilaw
https://encrypted-tbn0.gstatic.com/images?q=tbn%3AANd9GcRg9SVJEz0RqTf-KpVopk3cgLvIgT0PFC0KGx_a92TEBCCnWGc5&usqp=CAU,Kinilaw
https://encrypted-tbn0.gstatic.com/images?q=tbn%3AANd9GcSsWDCE6RkvPzW2vL2Yk8XTj0iZ7PvKTbKi0FOJR6LxPWNlf03L&usqp=CAU,Kinilaw
https://encrypted-tbn0.gstatic.com/images?q=tbn%3AANd9GcQyq-ogF9aDg2OYdoRpvH5PTKjSPgX0tc7G69BS2clbWi_728To&usqp=CAU,Kinilaw
https://encrypted-tbn0.gstatic.com/images?q=tbn%3AANd9GcQP7U1ULJGIe0PTyaAN8X-U1_Zt7O1tlyH1DtfQ_dI2o-KeoRa4&usqp=CAU,Kinilaw
https://encrypted-tbn0.gstatic.com/images?q=tbn%3AANd9GcSgPndNlVxGRuPV8hJVPsJe0JvzQyzOu517u5deG1hbbszf68cx&usqp=CAU,Kinilaw
https://encrypted-tbn0.gstatic.com/images?q=tbn%3AANd9GcQC3KlxoV4x_viWCedQAniXBk5W92RE8kUpuusNbk-GLPctpMlx&usqp=CAU,Kinilaw
https://encrypted-tbn0.gstatic.com/images?q=tbn%3AANd9GcQoNB8MODAmmoRA8sTSAR5hC-09Eroo-EFgtDVcAixJQHS5PR98&usqp=CAU,Kinilaw
https://encrypted-tbn0.gstatic.com/images?q=tbn%3AANd9GcS7KD_9l80irKeR5EfeU6Ye81KfFHodaHEc3aSM-0si0l6B-X1X&usqp=CAU,Kinilaw
https://encrypted-tbn0.gstatic.com/images?q=tbn%3AANd9GcSNLy2UYzMGuFiHPm5YYsQK_S9jL59WRzVYsrwEf0abJY2Qx5I0&usqp=CAU,Kinilaw
https://encrypted-tbn0.gstatic.com/images?q=tbn%3AANd9GcTdeID6gIbLh8FVSFigGKu8ir23WnFRJ2bwOCZM7rsd2U-3luwP&usqp=CAU,Kinilaw
https://encrypted-tbn0.gstatic.com/images?q=tbn%3AANd9GcR84qxsfyaO37hQvqhsiQ5HR5ewq-Z9kQ37ftr3nhxIwbE6MjpO&usqp=CAU,Kinilaw
https://encrypted-tbn0.gstatic.com/images?q=tbn%3AANd9GcTOLS-W8vpGIjCQqRWMVbnPVErLCZZSOzzhTkuogRMLMApxQiwK&usqp=CAU,Kinilaw
https://encrypted-tbn0.gstatic.com/images?q=tbn%3AANd9GcTJcRChLZgopc9IMGrW2nuyNL66oh3oFiJRppvwksY926X12Jtr&usqp=CAU,Kinilaw
https://encrypted-tbn0.gstatic.com/images?q=tbn%3AANd9GcQ4LHCuXjpfCI8wqAc7QroU3NiSvvQB3-6QRWE-TRSeNVUZn3xx&usqp=CAU,Kinilaw
https://encrypted-tbn0.gstatic.com/images?q=tbn%3AANd9GcRouK6-H6bJsP9bUorpjiCLra60NxGXTflyuuyPsOXudVD0_7Fh&usqp=CAU,Kinilaw
https://encrypted-tbn0.gstatic.com/images?q=tbn%3AANd9GcRII7v83zMofXU0uhNI7pYDMkTGtVBPkodKJM2pvzoQpKM8t103&usqp=CAU,Kinilaw
https://encrypted-tbn0.gstatic.com/images?q=tbn%3AANd9GcREYeizspoN8bB3nMjILeNswupVjARiGYL36UaceVDKaryIYDnZ&usqp=CAU,Kinilaw
https://encrypted-tbn0.gstatic.com/images?q=tbn%3AANd9GcQF_vraCDM-AmihhoeMPKU0dguSICmE_k8ctOkmbQf0aW_b5ExS&usqp=CAU,Kinilaw
https://encrypted-tbn0.gstatic.com/images?q=tbn%3AANd9GcTy1zmRrMPEHKmxiKvWyB9HwuTnI5lW3ASpY53M2sm5KkvH6KKv&usqp=CAU,Kinilaw
https://encrypted-tbn0.gstatic.com/images?q=tbn%3AANd9GcQKQSIpgsdQkW426njL300yvmeQy4kLnnes6qpGt3QlP8YQFWcn&usqp=CAU,Kinilaw
https://encrypted-tbn0.gstatic.com/images?q=tbn%3AANd9GcTN3t50x3l-rolnW2NRIWwwMvLw3om3R25wK75F9KCn-v2a5Rmg&usqp=CAU,Kinilaw
https://encrypted-tbn0.gstatic.com/images?q=tbn%3AANd9GcTAEZ0DfmXPytFKz2bupNxdn3cBkm7G9WpEmYY39aAvpNabNNge&usqp=CAU,Kinilaw
https://encrypted-tbn0.gstatic.com/images?q=tbn%3AANd9GcTi_HXMzTAu0TgKVyS9LIW8BBFH2Qg25LkkBCvjzdKvk0Rw2Plx&usqp=CAU,Kinilaw
https://encrypted-tbn0.gstatic.com/images?q=tbn%3AANd9GcQd0B7sKZl7yF0bu0TOWAKHppEGWqp42rK-xj51bplf2sgPkbn2&usqp=CAU,Kinilaw
https://encrypted-tbn0.gstatic.com/images?q=tbn%3AANd9GcTow5BMa0K7kOHd3xhBDTZHctZ-qrhxxCvi-ZFxgaFh7V1vMZJ0&usqp=CAU,Kinilaw
https://encrypted-tbn0.gstatic.com/images?q=tbn%3AANd9GcTMBYJhEwYWLqH-vh4WYKOxH8pB1oaISIexNZ_ei1yMcthkWcUS&usqp=CAU,Kinilaw
https://encrypted-tbn0.gstatic.com/images?q=tbn%3AANd9GcTtMps6DFKv-NDwWiaDCBsJnsv5I9NLZuTW5K0R_VVUSkbAkCUZ&usqp=CAU,Kinilaw
https://encrypted-tbn0.gstatic.com/images?q=tbn%3AANd9GcQN6-ttQj7r0YhEq6bxzwiArQju88vBnafSzorNbUGTuu3u_HMc&usqp=CAU,Kinilaw
https://encrypted-tbn0.gstatic.com/images?q=tbn%3AANd9GcQuPR1yaWeRrB3xkEsuiXCseBXymoJxpzI7Fqf59TRu6xugLWFt&usqp=CAU,Kinilaw
https://encrypted-tbn0.gstatic.com/images?q=tbn%3AANd9GcSG_t9wgQV1xbTHh7pjeiR_niSJ6OEulRehiwxX491fQiDH_TDh&usqp=CAU,Kinilaw
https://encrypted-tbn0.gstatic.com/images?q=tbn%3AANd9GcTx0ZPOWwuuLfSeMUrcDRFFcVlLyVta0J9kNJt8S11all-OyJiN&usqp=CAU,Kinilaw
https://encrypted-tbn0.gstatic.com/images?q=tbn%3AANd9GcT31hQlkyha8W3JKD1BX2LQDNwJoKNDK_RT3B6RkVj72iyJbZfC&usqp=CAU,Kinilaw
https://encrypted-tbn0.gstatic.com/images?q=tbn%3AANd9GcQT3UP47Ai1duSk76ssnXeaAQRGjnBw0DSo0TSqtb8Z8XKXt6P5&usqp=CAU,Kinilaw
https://encrypted-tbn0.gstatic.com/images?q=tbn%3AANd9GcTNAZbGFINDEoBkPBfeLWSsqRZU3cP6atB_atY4RZEii5bnaT86&usqp=CAU,Kinilaw
https://encrypted-tbn0.gstatic.com/images?q=tbn%3AANd9GcQJaU7BsAtusBJXbRSt2Ay4D-Cq-lFWgDBudlugxD5qWaqg3M7x&usqp=CAU,Kinilaw
https://encrypted-tbn0.gstatic.com/images?q=tbn%3AANd9GcT81EI9PhDm2Vh7eAsliHbqGQyroUrhgplHY73ek7NEu3tfqtEg&usqp=CAU,Kinilaw
https://encrypted-tbn0.gstatic.com/images?q=tbn%3AANd9GcTuOBoLrLq80DGdncJoNJNK1qDj39_2fhTEcgfk1MZVIJAQWuaC&usqp=CAU,Kinilaw
https://encrypted-tbn0.gstatic.com/images?q=tbn%3AANd9GcRE-_RqkHDzV5OR4YKOJKxyuUflxSGK_W-nqRve_PipwJcT9utn&usqp=CAU,Kinilaw
https://encrypted-tbn0.gstatic.com/images?q=tbn%3AANd9GcSE4WOZ3xhmTYAyZqmXiU3vsRvjGqSMYPN_57Edkg4BM46O4DsA&usqp=CAU,Kinilaw
https://encrypted-tbn0.gstatic.com/images?q=tbn%3AANd9GcS72gS3UW-z88YA9wjgc8TYf3DdzjtWPBkcMs-1AfsQckROSAC0&usqp=CAU,Kinilaw
