https://encrypted-tbn0.gstatic.com/images?q=tbn%3AANd9GcQxTK3TtiKUHhRaerEdzDNwW3kXF-UpcdOFDg7IEUYRDtTuT7Y2&usqp=CAU,Liempo
https://encrypted-tbn0.gstatic.com/images?q=tbn%3AANd9GcQ5w4175l6hBZsMH6IzLsqo6hiurmT0FUUnMlsF8Ryrupdnww23&usqp=CAU,Liempo
https://encrypted-tbn0.gstatic.com/images?q=tbn%3AANd9GcTardYSL2hYQ4W0KakMmqlRWv4RwFCTjQ-S8xw_OUYFZMeeKs60&usqp=CAU,Liempo
https://encrypted-tbn0.gstatic.com/images?q=tbn%3AANd9GcTYDZb_spZJDgCZi9Kdub1fl3rJZXQIJGfLaodoJbyFGhG8IcyV&usqp=CAU,Liempo
https://encrypted-tbn0.gstatic.com/images?q=tbn%3AANd9GcQLETBK95FLdWp7C4q1EbVaQrXEhG29l2ZY7Pej3BFNfeFsKoDg&usqp=CAU,Liempo
https://encrypted-tbn0.gstatic.com/images?q=tbn%3AANd9GcRKNcqZvUItd8YtZu0H5ECvN45xUaJo95Akg4uP8YjxJ6HwNFL7&usqp=CAU,Liempo
https://encrypted-tbn0.gstatic.com/images?q=tbn%3AANd9GcR3KhtQ8fUkrTrWQQNXcIfHslfkx7D6dasV7kDd7UCS4kstJcgB&usqp=CAU,Liempo
https://encrypted-tbn0.gstatic.com/images?q=tbn%3AANd9GcRkV_nqscVmGWznF_-IeDam14pVMHmKjq5Fqbb0epYAzFDn-8mT&usqp=CAU,Liempo
https://encrypted-tbn0.gstatic.com/images?q=tbn%3AANd9GcQ6GuNH7bT06meQfg4XwL_JRK2Sd1UZy3GRWWeMFHZY4cgXN5Ll&usqp=CAU,Liempo
https://encrypted-tbn0.gstatic.com/images?q=tbn%3AANd9GcSBpPZ6t2EU_WQPDPg3l-fvjMRXj_uyxE5Rg3ok7BekW4hqG7LB&usqp=CAU,Liempo
https://encrypted-tbn0.gstatic.com/images?q=tbn%3AANd9GcSc4m_JBe140NU2TOPt5_rkZwfOijkXQTy32FDa42RdL6mv4Fbf&usqp=CAU,Liempo
https://encrypted-tbn0.gstatic.com/images?q=tbn%3AANd9GcROmGzxQvwQnNs-tv1KuRFrreseyTRQ8Rvu_nlu3AZRGbCKE4xF&usqp=CAU,Liempo
https://encrypted-tbn0.gstatic.com/images?q=tbn%3AANd9GcQ2wGEE6IDdBSkaS-2PCKZiKiuoTD9C3fp-AeytWPeGyR6-b6-6&usqp=CAU,Liempo
https://encrypted-tbn0.gstatic.com/images?q=tbn%3AANd9GcRQiZYZG-vXI_xrG6xwySdid0aUghOnK1MRxWBVEKV-teIzrNZ1&usqp=CAU,Liempo
https://encrypted-tbn0.gstatic.com/images?q=tbn%3AANd9GcQ22gaHfak8Io1D024bIUxOBz4xGXR387QkPAJ2bG5jn4hqT12v&usqp=CAU,Liempo
https://encrypted-tbn0.gstatic.com/images?q=tbn%3AANd9GcQY01r6Yqx_LJ7zui5yI_l6KZ6HHFV3rVNhdgmAYFKz7Zmi6XZn&usqp=CAU,Liempo
https://encrypted-tbn0.gstatic.com/images?q=tbn%3AANd9GcSpoWXHlnXVFplFt0Asty3nEQdZwUrxzJpSzQt0PBuem-mtrVd-&usqp=CAU,Liempo
https://encrypted-tbn0.gstatic.com/images?q=tbn%3AANd9GcTXyMf9JWO0eRy4aLNSG6_LrGGvKqiitCR2EGsK21LZYdukFW5q&usqp=CAU,Liempo
https://encrypted-tbn0.gstatic.com/images?q=tbn%3AANd9GcTNNWBpByasCHrnINROcishlIXBI6N4ucsLyyZL3UDiOuBmq4gT&usqp=CAU,Liempo
https://encrypted-tbn0.gstatic.com/images?q=tbn%3AANd9GcRmjtaALN6Al6gTd9W0NAdiSj491pFQBMPZgeItNnlK8nr3MqOS&usqp=CAU,Liempo
https://encrypted-tbn0.gstatic.com/images?q=tbn%3AANd9GcSSt9xJqj_Aa8zRteHDXhGsmnBErZFjFngcJzNGqusWoTExrcuo&usqp=CAU,Liempo
https://encrypted-tbn0.gstatic.com/images?q=tbn%3AANd9GcS9zyVdbDRUr-iLEP5uVpdkHkc6cCV-7CmwDGptaybg6PpGSwdd&usqp=CAU,Liempo
https://encrypted-tbn0.gstatic.com/images?q=tbn%3AANd9GcT1744DfOSpz-G3dDiMvoXHOSgFFJDSaAa4te5cjcdVrfyH-egQ&usqp=CAU,Liempo
https://encrypted-tbn0.gstatic.com/images?q=tbn%3AANd9GcTpWveJwkpEd7BZnKDZ7oCor6S4loIfSJfMiAZPp8TbrQS6CsH2&usqp=CAU,Liempo
https://encrypted-tbn0.gstatic.com/images?q=tbn%3AANd9GcSBnngJ-lTmfBwXP2HrV53j8qwTCbW2L4Sp3l5Hvgo5OoxcT7fC&usqp=CAU,Liempo
https://encrypted-tbn0.gstatic.com/images?q=tbn%3AANd9GcTh1HTCQGyv_2F872i5e-j5C5u2zWkO1Ny4IMNDXwCFq6xCDKDV&usqp=CAU,Liempo
https://encrypted-tbn0.gstatic.com/images?q=tbn%3AANd9GcTaBjSBBR_upVX-Ifsd9piPcI_GHZYNIqwAzj9_y5pE6sECsG84&usqp=CAU,Liempo
https://encrypted-tbn0.gstatic.com/images?q=tbn%3AANd9GcRmgIm-nFUuVfWvY_0m7EFs3y487DrE9xOlyMe2kdXywBIBhIKF&usqp=CAU,Liempo
https://encrypted-tbn0.gstatic.com/images?q=tbn%3AANd9GcS5JQ7lspRZPhdCKzfL5QAV1JHhk9dpPElhVhJSPOLpXrlC5BXq&usqp=CAU,Liempo
https://encrypted-tbn0.gstatic.com/images?q=tbn%3AANd9GcRSmv_lfkoFMhdNKclN1aCp3FO1S6Sl_skR5jy-3-fr70LwZCzs&usqp=CAU,Liempo
https://encrypted-tbn0.gstatic.com/images?q=tbn%3AANd9GcSEzJwKC_hbIQw14MxxJubFpAvdEFbrTKuzWrSv3bz135ei7qyB&usqp=CAU,Liempo
https://encrypted-tbn0.gstatic.com/images?q=tbn%3AANd9GcTfGDjLzALIeC0WqhmZFzViqR1aQ7tF4i9xQAKInVFDx36JKDTd&usqp=CAU,Liempo
https://encrypted-tbn0.gstatic.com/images?q=tbn%3AANd9GcQIdrhUPVyMAm24rUWo3fmX8PB3A9iAr-DKFwFzyyHw-3Vl7WwU&usqp=CAU,Liempo
https://encrypted-tbn0.gstatic.com/images?q=tbn%3AANd9GcQhJhds6sogLEJVzPotzg_DtUUsLGlYGV1Ow0ZQhaIpLsNTNmbA&usqp=CAU,Liempo
https://encrypted-tbn0.gstatic.com/images?q=tbn%3AANd9GcQAbPHy9R962R4EuIgMZkPTvan3Pm0cUIx3mUqNX0XoOvYdCl3-&usqp=CAU,Liempo
https://encrypted-tbn0.gstatic.com/images?q=tbn%3AANd9GcT-mZlihRfMgwO1J8fZviXdhlV1Com0iUBAKFL90kXcBrwJ0FWQ&usqp=CAU,Liempo
https://encrypted-tbn0.gstatic.com/images?q=tbn%3AANd9GcQPkrDYCq2jT7mafoua1M-xIjU7dwf2hqYl5sWrTPILMBtgIcYc&usqp=CAU,Liempo
https://encrypted-tbn0.gstatic.com/images?q=tbn%3AANd9GcSZxOHDzOele9AMe7hDzAsm4JpcfRkdHNhQzVt921B0ugUFcwch&usqp=CAU,Liempo
https://encrypted-tbn0.gstatic.com/images?q=tbn%3AANd9GcRfwA8QYy0mLlJ4ZGRR-hyylrSggrDk2KSBZ8tMYnU5avtd8Zp_&usqp=CAU,Liempo
https://encrypted-tbn0.gstatic.com/images?q=tbn%3AANd9GcQwcaWiYqE3VCgi9gXzHq6k8u_y1FYTKVP3FV4n_h70PNNot9uj&usqp=CAU,Liempo
https://encrypted-tbn0.gstatic.com/images?q=tbn%3AANd9GcQpp2WPVhvm7DQQLzn2sysTlHskdMX_8su1JU3oR64krH9g4jO2&usqp=CAU,Liempo
https://encrypted-tbn0.gstatic.com/images?q=tbn%3AANd9GcTYGGgkRo1Y_fs0-m1GW-K0JH0vwlLKlgDyxB-30-R_D-tHS_e2&usqp=CAU,Liempo
https://encrypted-tbn0.gstatic.com/images?q=tbn%3AANd9GcRnASHKxpgkEmxP_SRzUlvu3TA8dsA-DA96XjzzfVRkGAgkm4uJ&usqp=CAU,Liempo
https://encrypted-tbn0.gstatic.com/images?q=tbn%3AANd9GcSt_ydVcz0Ncl0qaH4ZE1_wZ1tv2Phw8B2Z28uN9tedBZf9nPwk&usqp=CAU,Liempo
https://encrypted-tbn0.gstatic.com/images?q=tbn%3AANd9GcTt2KlfyVDc3IQW8FWQD9lPq4eulNN1OquxZmcHW6Bit1Cz90Bk&usqp=CAU,Liempo
https://encrypted-tbn0.gstatic.com/images?q=tbn%3AANd9GcRLT-PtjXyh4ctoUNPap53Dz1NHzE5xGQxiOVzwBZWOOlBnp_m_&usqp=CAU,Liempo
https://encrypted-tbn0.gstatic.com/images?q=tbn%3AANd9GcRvq79qXRpUVk4SJzCU0c8yKBAXIbUDNr-vGRuytsWCM_q-yQbv&usqp=CAU,Liempo
https://encrypted-tbn0.gstatic.com/images?q=tbn%3AANd9GcRM7JV41zbujkioi8PbFOD9MW1WrugQ0iUmPdViTr9RJoJ1cNKX&usqp=CAU,Liempo
https://encrypted-tbn0.gstatic.com/images?q=tbn%3AANd9GcS2yEufmNsxeKMsnDF2So6c25Atq7m-eOTxhtkq5mUKCVuHzPUo&usqp=CAU,Liempo
https://encrypted-tbn0.gstatic.com/images?q=tbn%3AANd9GcSSIBa-6C9pX5-onuwGMwH2QyGfG4X4PyA8vPhdkVtWHfEfXJew&usqp=CAU,Liempo
https://encrypted-tbn0.gstatic.com/images?q=tbn%3AANd9GcQthE-qOORjI8xBm1Y1uPFhtEzp2yuUMasFsxVrSFGHnKFk_0Rp&usqp=CAU,Liempo
https://encrypted-tbn0.gstatic.com/images?q=tbn%3AANd9GcS7oWbROgXdxwOowRSSzSoAEtzuliJPvdt9_Th15p8qENTDxPcG&usqp=CAU,Liempo
https://encrypted-tbn0.gstatic.com/images?q=tbn%3AANd9GcQX99ktyMS34ChDz4i8JXOLNBrUYWJXqJ0MTv2aZ3C1Z7fYQeZq&usqp=CAU,Liempo
https://encrypted-tbn0.gstatic.com/images?q=tbn%3AANd9GcQxlY5bWXKTK1eIUxEawX44jg63NX64FtrCXwzA5ocYuFWvqZDN&usqp=CAU,Liempo
https://encrypted-tbn0.gstatic.com/images?q=tbn%3AANd9GcTzZoT1J57f2CrCw8y12zfOQFWGwNY9NOub2fiMQPYHpodbcdPL&usqp=CAU,Liempo
https://encrypted-tbn0.gstatic.com/images?q=tbn%3AANd9GcTYLESdCN-xJIUa0lJ9Vtvi-hvhNIvhHB_NOn5bvXhpK7IHIWQE&usqp=CAU,Liempo
https://encrypted-tbn0.gstatic.com/images?q=tbn%3AANd9GcS--a2qhSkJfdE7p52ZKTeQTOw6rFSBoVf1l2MkBxJcYKt67cb9&usqp=CAU,Liempo
https://encrypted-tbn0.gstatic.com/images?q=tbn%3AANd9GcQ9kbToNmdnim8EddnKqCgLpjX8sUiBNWadwIEyJyz6L6lmQxVw&usqp=CAU,Liempo
https://encrypted-tbn0.gstatic.com/images?q=tbn%3AANd9GcQkW-53sqbBqJWf4CXAiXr0ZfiEjbbPsM3N8r6QXZqQjM5t7cU-&usqp=CAU,Liempo
https://encrypted-tbn0.gstatic.com/images?q=tbn%3AANd9GcS4rsnQN90sCPvkTjGapkiu-IyB7RU19zeI6RpW8rUljxc_2Azs&usqp=CAU,Liempo
https://encrypted-tbn0.gstatic.com/images?q=tbn%3AANd9GcSx82L_zxndYyiqT3OQSCKl-eRJU3dMvhsZ89IHsvH2kWOXb9fD&usqp=CAU,Liempo
https://encrypted-tbn0.gstatic.com/images?q=tbn%3AANd9GcTsn_HM3m_McuTtjOEgPcOAGgRFzJtgGRwt8SSFrM7hK2PXdF6e&usqp=CAU,Liempo
https://encrypted-tbn0.gstatic.com/images?q=tbn%3AANd9GcRuvHxXVtUwRO-6kxSd-ePBeQBkePWDth6LW9HRG-sDdQGdPRWk&usqp=CAU,Liempo
https://encrypted-tbn0.gstatic.com/images?q=tbn%3AANd9GcReG-QkPPbOmAwyHMNXM1o1I-QwfqYo9RHsVX2p4WcJeMjF_iqU&usqp=CAU,Liempo
https://encrypted-tbn0.gstatic.com/images?q=tbn%3AANd9GcTJA_XEJ9I-fL6JgXD25W3AthAyzCNq_6LM5B01ReBGJxS7a9c7&usqp=CAU,Liempo
https://encrypted-tbn0.gstatic.com/images?q=tbn%3AANd9GcSuvMivx9m5kOv57iLvZmHjJeJ7jeJMFP9p8C0WdEnfpxrec5uf&usqp=CAU,Liempo
https://encrypted-tbn0.gstatic.com/images?q=tbn%3AANd9GcSc2n_PcGQ0QjTHcRN6q6T-U8QQU8bDBiXQr2eyfH_QgSv1bwzM&usqp=CAU,Liempo
https://encrypted-tbn0.gstatic.com/images?q=tbn%3AANd9GcTFYW--EK5NLbQuSHAmYx46lbQyG8TCnYHagZV9WTkf6p0Mzwmm&usqp=CAU,Liempo
https://encrypted-tbn0.gstatic.com/images?q=tbn%3AANd9GcT_bwMhvPF23ljHPJqfCSrfKMKa1X4EP5kZ72VuYmcKrl2_upNd&usqp=CAU,Liempo
https://encrypted-tbn0.gstatic.com/images?q=tbn%3AANd9GcShHr593iqZ1Zvh8froZXpVYJZUajvBSDLthAOe69Wp42CvAke-&usqp=CAU,Liempo
https://encrypted-tbn0.gstatic.com/images?q=tbn%3AANd9GcTGgWk4Pk985KkJ4UTQzz7ku4vji_2xihRxZmkZrEwkQ7wTnbuW&usqp=CAU,Liempo
https://encrypted-tbn0.gstatic.com/images?q=tbn%3AANd9GcQBLQ4cci-87jRRFrbIZcDqrrarMLRiShJLJMw_luzvydsqegaG&usqp=CAU,Liempo
https://encrypted-tbn0.gstatic.com/images?q=tbn%3AANd9GcRcL4H8dc2_nlvCta21z8igktOR8E0c0k9LLJHkkrWV-JW4AB9B&usqp=CAU,Liempo
https://encrypted-tbn0.gstatic.com/images?q=tbn%3AANd9GcSpJh2oLq4zYiH3MXEoZYDppDVTmSI7zhsDVyrdWp1BT5Id2nmQ&usqp=CAU,Liempo
https://encrypted-tbn0.gstatic.com/images?q=tbn%3AANd9GcRbvaJFswz6GSVIi2Mv35Y2p7PYHCO51SGDWy9H9lp9UsqyjvO_&usqp=CAU,Liempo
https://encrypted-tbn0.gstatic.com/images?q=tbn%3AANd9GcQ7L-FbVLVpfYQYNK-3l_3ITwzYaeup9_GZl9D3vZL0QJrPLwjh&usqp=CAU,Liempo
https://encrypted-tbn0.gstatic.com/images?q=tbn%3AANd9GcQI1mwCmhhyPQgtPc9wpTs36S3GlNQaV0R_22yXzoLEfc5bbguL&usqp=CAU,Liempo
https://encrypted-tbn0.gstatic.com/images?q=tbn%3AANd9GcSqLG0sbt4btKrNITgW9diPaZRbVw695bRKdqD97js__aXdfgAH&usqp=CAU,Liempo
