https://encrypted-tbn0.gstatic.com/images?q=tbn%3AANd9GcRb6TbPP6JmPCpQTmUdIUNBFpL_aZkd8CXMCKk2Q70_1NfCjkjl&usqp=CAU,Lumpia
https://encrypted-tbn0.gstatic.com/images?q=tbn%3AANd9GcTv6hD7T206K7GJotgpWqqPHBYhsBXLwDCgAgW8slblm4Pg3MNJ&usqp=CAU,Lumpia
https://encrypted-tbn0.gstatic.com/images?q=tbn%3AANd9GcRBpBgkkBRE-SjMoBX0Z7nNQRryRMDr31jifuf5Hukdf5V7Ilwk&usqp=CAU,Lumpia
https://encrypted-tbn0.gstatic.com/images?q=tbn%3AANd9GcTyCGJnEeEtqzRwdf7xepKNdFEi2Gak0Z0ba8im3wQulOoMaoQ3&usqp=CAU,Lumpia
https://encrypted-tbn0.gstatic.com/images?q=tbn%3AANd9GcQ4s18_RqqzVrsu3YzphDMAkgq6wsjwZuFKmAWdRSWrpbDTLGtN&usqp=CAU,Lumpia
https://encrypted-tbn0.gstatic.com/images?q=tbn%3AANd9GcSSwbvtq8lTFScrHlW7nU1lf9FYAz-EMPbkgeHvvjDJYcc5KJkd&usqp=CAU,Lumpia
https://encrypted-tbn0.gstatic.com/images?q=tbn%3AANd9GcRiIyxrBAGnoMlJDyw4OUJPe0xEh5VfSMtJ3SVXbWrZKXovJn2N&usqp=CAU,Lumpia
https://encrypted-tbn0.gstatic.com/images?q=tbn%3AANd9GcQb2FDudl3gtm_IDPUrjaptwearVt2oBZ_gYvxMycgrtobaezTK&usqp=CAU,Lumpia
https://encrypted-tbn0.gstatic.com/images?q=tbn%3AANd9GcS1pCx96fGD1WOBFTC5ly0Ns3s7eN6lZmPBwe7x-RwHt7SAA3hd&usqp=CAU,Lumpia
https://encrypted-tbn0.gstatic.com/images?q=tbn%3AANd9GcSoS6FZvitn9wegM4w7P8UOrom_xAZabKY5O8M0hjSXAIiOGuHv&usqp=CAU,Lumpia
https://encrypted-tbn0.gstatic.com/images?q=tbn%3AANd9GcSpKFQOT-N9-QXje3VLsHmla17XfrZcN1WxbO4I51eNNMf-jXjc&usqp=CAU,Lumpia
https://encrypted-tbn0.gstatic.com/images?q=tbn%3AANd9GcRbMo_hGsCY2ll0Mfd4FU3eONHtqalGyhnqRgBkE_UodhKGXOIj&usqp=CAU,Lumpia
https://encrypted-tbn0.gstatic.com/images?q=tbn%3AANd9GcS3iWdqdca82Xom0tL7Ig5MDf1ulnkPDNbMnVyKn9ShAJYll6eO&usqp=CAU,Lumpia
https://encrypted-tbn0.gstatic.com/images?q=tbn%3AANd9GcRwQ1AHDsI4Sidw3VnV4a8nJ-NDctpEnSQ8jkn_83bPc3eqFHpU&usqp=CAU,Lumpia
https://encrypted-tbn0.gstatic.com/images?q=tbn%3AANd9GcReA4rLipgzw_aMmTE3Vy1io9c7A8lSpDNGOGvALKeUi8-jP-Ht&usqp=CAU,Lumpia
https://encrypted-tbn0.gstatic.com/images?q=tbn%3AANd9GcRhBlPCvFnHre1Yg3bcX1uPAzDNROc_Wml2V4zEK2lqFKB6Zaxj&usqp=CAU,Lumpia
https://encrypted-tbn0.gstatic.com/images?q=tbn%3AANd9GcRy8B5OMoa-IMgNrszuNfJHWe8-Fh-i6dnuny1yAwCp5j4egx8f&usqp=CAU,Lumpia
https://encrypted-tbn0.gstatic.com/images?q=tbn%3AANd9GcTfYk8xgV1IOk-J1DJlB6wBswjG9HTvcW1-iHOPVfv0l9MZxs-4&usqp=CAU,Lumpia
https://encrypted-tbn0.gstatic.com/images?q=tbn%3AANd9GcT8pHU6FpgI5OgN2-GVFUnW99moz7R-BbE9YLS2CD5agbjq_pGW&usqp=CAU,Lumpia
https://encrypted-tbn0.gstatic.com/images?q=tbn%3AANd9GcQFlOBdCeSAxla3yblAJe2pRf2GxfA4I7jU6qQ5qVpILNVAABZd&usqp=CAU,Lumpia
https://encrypted-tbn0.gstatic.com/images?q=tbn%3AANd9GcTwWzuID8I6LtxZmc6kvgJ1lmH7Y0pnRkH-qDLbxpJnIW6gBDfL&usqp=CAU,Lumpia
https://encrypted-tbn0.gstatic.com/images?q=tbn%3AANd9GcRDsDcwM61tZtcBufun-F76QhKfyq_okdhgp_MOHW80_bNGCLp1&usqp=CAU,Lumpia
https://encrypted-tbn0.gstatic.com/images?q=tbn%3AANd9GcSw_N37pew58TYTuwYyI2Z10sOogInpVEp__wm04vUvPwAtrRWo&usqp=CAU,Lumpia
https://encrypted-tbn0.gstatic.com/images?q=tbn%3AANd9GcSjkgxpn5_uj5BHLUrhb7ort-WAVRpj5syJUxp04EbtUC7YolkC&usqp=CAU,Lumpia
https://encrypted-tbn0.gstatic.com/images?q=tbn%3AANd9GcSzxyTXFIPxOWqFrRwIvqVoaanOmQvBvezS9IG_MOMSesI0jBX1&usqp=CAU,Lumpia
https://encrypted-tbn0.gstatic.com/images?q=tbn%3AANd9GcSjkx0FfV_RVZLVK61rk5g9mTrBo8wDXyKDJmZP-y6DH4VboKwc&usqp=CAU,Lumpia
https://encrypted-tbn0.gstatic.com/images?q=tbn%3AANd9GcSGDrLmPL-B2cWECK9ZDHjRvS2bC6Tasjm1_k2S1ORjUC3C741R&usqp=CAU,Lumpia
https://encrypted-tbn0.gstatic.com/images?q=tbn%3AANd9GcTR4LGpneXF0A8pb1N1uo6YYd6DBN6h-A3krHLrbR1b8Z8-jY4y&usqp=CAU,Lumpia
https://encrypted-tbn0.gstatic.com/images?q=tbn%3AANd9GcTLlSMJtWdYg8jo3Jo70sJQugBlaUgBE7ADZzRU3X7e83Ojx2dU&usqp=CAU,Lumpia
https://encrypted-tbn0.gstatic.com/images?q=tbn%3AANd9GcQvJoNR-TEfLx6HjfGJhE8SIr2ca9voQhzL8j9Wm4rDPdlL2wp_&usqp=CAU,Lumpia
https://encrypted-tbn0.gstatic.com/images?q=tbn%3AANd9GcSJT2owjMBMlvLXhHCtAh8ZpVWG40_97IbMTv0_7VRTSojTSQnk&usqp=CAU,Lumpia
https://encrypted-tbn0.gstatic.com/images?q=tbn%3AANd9GcR1kQJPkPz6k8qNm4czKJ06o_GAdc87BPsWUJUTskFURuzVktJK&usqp=CAU,Lumpia
https://encrypted-tbn0.gstatic.com/images?q=tbn%3AANd9GcSBjEidQpFPG2DohaxE5E-hyv0Ek43I0bw6a9Ii4CVYwAybR5vn&usqp=CAU,Lumpia
https://encrypted-tbn0.gstatic.com/images?q=tbn%3AANd9GcR0_niJP88OkCMSKUd6zNp94KjEGvpQ9W8KTvuNeuMUDDgPqkj3&usqp=CAU,Lumpia
https://encrypted-tbn0.gstatic.com/images?q=tbn%3AANd9GcRua0rxoO71od1eCv1fT0yyJuMfPDL1_Q5D8CUX81GiHs24Ctvx&usqp=CAU,Lumpia
https://encrypted-tbn0.gstatic.com/images?q=tbn%3AANd9GcRk9sDUK3-KFb5wN-bDO2F3vVN7GMyrBzoyXC5qgfmTqzB7YZk0&usqp=CAU,Lumpia
https://encrypted-tbn0.gstatic.com/images?q=tbn%3AANd9GcSJEk7sWTpTec6VZ4FD22JyI74wFI5eoIAKrk-IWezRxGxiraBQ&usqp=CAU,Lumpia
https://encrypted-tbn0.gstatic.com/images?q=tbn%3AANd9GcRrGUJ3RUYfOvLo3c92Uo5a3o9O_--pPKZWW7x-qyonZUr9UnU9&usqp=CAU,Lumpia
https://encrypted-tbn0.gstatic.com/images?q=tbn%3AANd9GcS6b9GCVkVNsoi4YWvQMd2ddwksUjGEliIN_Eh0Si7Wlsmy5Rfp&usqp=CAU,Lumpia
https://encrypted-tbn0.gstatic.com/images?q=tbn%3AANd9GcSGMbrq_C9YTtIcGAhw7-0jC2GaGpr-R6l-osiM6aV3cdc5qBnR&usqp=CAU,Lumpia
https://encrypted-tbn0.gstatic.com/images?q=tbn%3AANd9GcTLtnFKuPNGjORP-oKbPBxKBbMpk9VT69uMHv74a-P_3cMRfRPH&usqp=CAU,Lumpia
https://encrypted-tbn0.gstatic.com/images?q=tbn%3AANd9GcR8dIgqc_ssMguW5rkgNV_xoo4usftR3DFfJrDp61jLks8Su8Ja&usqp=CAU,Lumpia
https://encrypted-tbn0.gstatic.com/images?q=tbn%3AANd9GcQAZW2VTNhxxqGFWJ6yGalmqskXVHGr24xwWP6qcLBOb0_8QMu7&usqp=CAU,Lumpia
https://encrypted-tbn0.gstatic.com/images?q=tbn%3AANd9GcTegz5JQKic5TH8ezu1gSz3GsU6PmaE0RaopAJ2Va7eHW4q3nWu&usqp=CAU,Lumpia
https://encrypted-tbn0.gstatic.com/images?q=tbn%3AANd9GcTlCPfuMwtzkA0TTZejnqpqjMLxXRrP57xHLqpOINpUJOskpO33&usqp=CAU,Lumpia
https://encrypted-tbn0.gstatic.com/images?q=tbn%3AANd9GcRZVP5TEjkZ2qeK4K9-l-QAK9ZO7Y-TOExmTFrfFLYFbNLpCu2X&usqp=CAU,Lumpia
https://encrypted-tbn0.gstatic.com/images?q=tbn%3AANd9GcS1kitf4SSB9HEuwoP5dZvoB2WJNHvu1efwECQptH9f_J_-_24-&usqp=CAU,Lumpia
https://encrypted-tbn0.gstatic.com/images?q=tbn%3AANd9GcT10f6JB71HqttBJglePQ3lrf_1OE77gY-RSGVgyDSCExV8W-0F&usqp=CAU,Lumpia
https://encrypted-tbn0.gstatic.com/images?q=tbn%3AANd9GcTzMPugoOmi5uE2dM7uH21cif5iayhsvNVfjjxIVkhalAeVEnRY&usqp=CAU,Lumpia
https://encrypted-tbn0.gstatic.com/images?q=tbn%3AANd9GcSUdpTqnlRGnr8ve5s9r2BaVGWSnyTtUs9VsX2w7XJkKaWZe8Kt&usqp=CAU,Lumpia
https://encrypted-tbn0.gstatic.com/images?q=tbn%3AANd9GcR52UBPnxjPsbYfNQ0dfIRppvVi_8XeamPRzmUZFZCvwDzbtHyZ&usqp=CAU,Lumpia
https://encrypted-tbn0.gstatic.com/images?q=tbn%3AANd9GcQPUNMXV_S20yTA1bLjkUoxgo6KxYjUYJCMU4qwxgaRhPCCbooX&usqp=CAU,Lumpia
https://encrypted-tbn0.gstatic.com/images?q=tbn%3AANd9GcQAA-Dd-ye5WXgrleFWE70dkOSL59bW1idg-CNVhzovV7EUdzvz&usqp=CAU,Lumpia
https://encrypted-tbn0.gstatic.com/images?q=tbn%3AANd9GcSAojjkVRrlbLZEezujevXn19ppQb1Gfs2-M2F7qlQVHJN0YuHy&usqp=CAU,Lumpia
https://encrypted-tbn0.gstatic.com/images?q=tbn%3AANd9GcRBYeFzQPOex6GlACKBUaWI8bvKTN0sUFue1ng1HNfS0pivx5l0&usqp=CAU,Lumpia
https://encrypted-tbn0.gstatic.com/images?q=tbn%3AANd9GcQ6659PcfphIIu5OEdVuuebfrXb0lhwJgp8An19R1ImsTWVPY9t&usqp=CAU,Lumpia
https://encrypted-tbn0.gstatic.com/images?q=tbn%3AANd9GcSsgro9JJ-5qVCxTJUh2sdXtSKv3e4NBgk_xZlbHP7et8yz_uUZ&usqp=CAU,Lumpia
https://encrypted-tbn0.gstatic.com/images?q=tbn%3AANd9GcRlftL6xXzNR1uW1gpWIx75v-aCwlGgzbSOwaSVqFGL8-l2Ydcl&usqp=CAU,Lumpia
https://encrypted-tbn0.gstatic.com/images?q=tbn%3AANd9GcRmVKxZ33lMdgSHfsIQhM14Rpw5fcodALBPNMeFEbMFkF20-M6I&usqp=CAU,Lumpia
https://encrypted-tbn0.gstatic.com/images?q=tbn%3AANd9GcQ9Bv-zv7znV4e3wLPLFftNdTkcBeOYIOTlRWXldxLf_aXIyo2_&usqp=CAU,Lumpia
https://encrypted-tbn0.gstatic.com/images?q=tbn%3AANd9GcQvmYZZDXqtgvx4VTYKuAGYl2_smiRRZ1kqvS1V-0MKvsT0-T5j&usqp=CAU,Lumpia
https://encrypted-tbn0.gstatic.com/images?q=tbn%3AANd9GcSzk_YxdZeBGPbk6maRpZDRIa5e5kOV3F8ixj-BznlaLfMbimpx&usqp=CAU,Lumpia
https://encrypted-tbn0.gstatic.com/images?q=tbn%3AANd9GcT0TnLG5257VUqbAd15ys0zkMG6ar8QlMhvNKSMua1KLMaAsbWR&usqp=CAU,Lumpia
https://encrypted-tbn0.gstatic.com/images?q=tbn%3AANd9GcR6bbl15BBCAKbgl3kaLN_fMh_K2Z7vkHx7sjEH2ZksizjMQbB_&usqp=CAU,Lumpia
https://encrypted-tbn0.gstatic.com/images?q=tbn%3AANd9GcQKbussf0-60rYWMlFf653RHWYnOYqv7njLPV6eVPwb4hbtbboz&usqp=CAU,Lumpia
https://encrypted-tbn0.gstatic.com/images?q=tbn%3AANd9GcQ8gmeBQQLuaB5cfvmUTY3rtXqjoEOXVp6Ngnau2_PBR6om-o1O&usqp=CAU,Lumpia
https://encrypted-tbn0.gstatic.com/images?q=tbn%3AANd9GcT5x8OSzumOMKosfZiPipWd59WU3DYZrdWulW_piBDEUOmu7QbR&usqp=CAU,Lumpia
https://encrypted-tbn0.gstatic.com/images?q=tbn%3AANd9GcQesc_dQSS_5516lzhYFOR7edvdMo-tAhseudhMoXJUd7WIrn5l&usqp=CAU,Lumpia
https://encrypted-tbn0.gstatic.com/images?q=tbn%3AANd9GcQc2N1pJU7LMa9Pr9NCtgNFZlAemVNsMRC2o7SaO9htwxLG65rQ&usqp=CAU,Lumpia
https://encrypted-tbn0.gstatic.com/images?q=tbn%3AANd9GcS1QDc1agpjMMDvtETCGKyLoz4LNTWrxOV0b8AMZhsM0zjVY_nz&usqp=CAU,Lumpia
https://encrypted-tbn0.gstatic.com/images?q=tbn%3AANd9GcT06ZtXFxo87CmWjBXhAwUmU9XVd7h90S7aKsA35cGrSPZV6azl&usqp=CAU,Lumpia
https://encrypted-tbn0.gstatic.com/images?q=tbn%3AANd9GcRHng9qNyb7pMI8ZLq8WBrbwNsdgNV_6vV9ubMwuiEDCQrlLNsM&usqp=CAU,Lumpia
https://encrypted-tbn0.gstatic.com/images?q=tbn%3AANd9GcRhCx1aNig2dPQscEAEigqCEDjXbHSIV6GHQbWAOeYctqJctTkJ&usqp=CAU,Lumpia
https://encrypted-tbn0.gstatic.com/images?q=tbn%3AANd9GcQDlUTUZVn1Dtrat0rXgJFJKcAymxTjzsn9bWr6kuMGir91QCfu&usqp=CAU,Lumpia
https://encrypted-tbn0.gstatic.com/images?q=tbn%3AANd9GcRTISIghIs1A8U-fq1IlhRPJW9RVgDytPgEyB8jv2VqvYy8O7hf&usqp=CAU,Lumpia
https://encrypted-tbn0.gstatic.com/images?q=tbn%3AANd9GcRa_v60Rm3WrP9I1fxAyeCS3rXnGPcx51-zSnXzAWH0iMCQa0Ho&usqp=CAU,Lumpia
https://encrypted-tbn0.gstatic.com/images?q=tbn%3AANd9GcQzQSobT5oF9NHi2eC5ip1nv9t8XQm3WQOZlAQSuf9gF09YdsHA&usqp=CAU,Lumpia
https://encrypted-tbn0.gstatic.com/images?q=tbn%3AANd9GcQIDLUWiSxzVMsKJG7r5TFAOTxJa8HI8XDXXwTe4APz4_RJPlp5&usqp=CAU,Lumpia
https://encrypted-tbn0.gstatic.com/images?q=tbn%3AANd9GcTO8pUuLCGsVIiqHPoGOBkrK48w8LNMT7r5D2gLmJWlMtqtTXfD&usqp=CAU,Lumpia
https://encrypted-tbn0.gstatic.com/images?q=tbn%3AANd9GcTa7_-eOM_MecZ38Vb2kSzw9dKyhDAq892Opqtoph9xgW3Z50z4&usqp=CAU,Lumpia
https://encrypted-tbn0.gstatic.com/images?q=tbn%3AANd9GcRvDq3Lu73H12mClLLmERe6a8-NGuAuxaK2wzEHxcYFK17-5lr7&usqp=CAU,Lumpia
https://encrypted-tbn0.gstatic.com/images?q=tbn%3AANd9GcQ4Gqk6e4n9FmcJE3pQkkfLTKwYKhYXCo1vFpg6efrJCqkjG_t_&usqp=CAU,Lumpia
https://encrypted-tbn0.gstatic.com/images?q=tbn%3AANd9GcSxT2fV7TPDklXBwN99IrBfWDULHzx4sTk40m6plOJhYnoYRH_v&usqp=CAU,Lumpia
https://encrypted-tbn0.gstatic.com/images?q=tbn%3AANd9GcQ2vZo4UOjkQCDw0MsRVKNvr1OYNbxkNbAAzCf9-p3-i0mPJ5q6&usqp=CAU,Lumpia
https://encrypted-tbn0.gstatic.com/images?q=tbn%3AANd9GcSh-vWQK6W0gjniRJOAQCXbdbDUoWzGQsWWJQxWFA_z5kkxPkYj&usqp=CAU,Lumpia
https://encrypted-tbn0.gstatic.com/images?q=tbn%3AANd9GcSm5fZOjysqnaXCjYEy8WeTA9LsPS3THCBzcCweHPan-Q0eDDE6&usqp=CAU,Lumpia
https://encrypted-tbn0.gstatic.com/images?q=tbn%3AANd9GcT3bSTEi6BOmf8SqE5yxk6tpw6RwRS9OUH6WrHOtCOVArvpGNk4&usqp=CAU,Lumpia
https://encrypted-tbn0.gstatic.com/images?q=tbn%3AANd9GcQ2rX5Rfa7_ZQ5hqf4fGrPSWY_m9wp_Y1idb-bV0McS6SckC3s1&usqp=CAU,Lumpia
https://encrypted-tbn0.gstatic.com/images?q=tbn%3AANd9GcRxsGYTMJsCsaqdoXRpwLDy7_Jx8282coi-s6XiUCmns89Sr9VR&usqp=CAU,Lumpia
https://encrypted-tbn0.gstatic.com/images?q=tbn%3AANd9GcT74kmgZNYPzjipz_6kBwuQRgPYHY3FhNS3zDc-1SrSqrUjBemo&usqp=CAU,Lumpia
https://encrypted-tbn0.gstatic.com/images?q=tbn%3AANd9GcSIZHQfQpXEvp3YK-gWUEsEliEcLvY1yd_j80ylx_CzDp8GOnVf&usqp=CAU,Lumpia
https://encrypted-tbn0.gstatic.com/images?q=tbn%3AANd9GcTOrPef452fI7NIvHU0tFDxehCm_UiGtC8KlNfo2SdBre1rqx_5&usqp=CAU,Lumpia
https://encrypted-tbn0.gstatic.com/images?q=tbn%3AANd9GcTDtFSqBAc2NeDP8adonxQHDZ9Q7jPPxpyeMBXjxT70AQSTtQfJ&usqp=CAU,Lumpia
https://encrypted-tbn0.gstatic.com/images?q=tbn%3AANd9GcTEWSrmG3yTJqaNysLjW9WnUnNoGmCz_neZ4TJmRVaZuwW7-ThR&usqp=CAU,Lumpia
https://encrypted-tbn0.gstatic.com/images?q=tbn%3AANd9GcQrj78NuhiA_oTCB-iJmGNYSU7Scj9BasHG_AUHw-GNJRU5Np-I&usqp=CAU,Lumpia
https://encrypted-tbn0.gstatic.com/images?q=tbn%3AANd9GcTpBZMDIcB8gpQDW3k4KTucvlKL5c4iSN8-I-Fi_tVas7tgLDr2&usqp=CAU,Lumpia
https://encrypted-tbn0.gstatic.com/images?q=tbn%3AANd9GcSUhKzaWR55HRnUSC2A0U0BnvxZR0LqwjoT6m_SBT67Zhz-Fj_8&usqp=CAU,Lumpia
https://encrypted-tbn0.gstatic.com/images?q=tbn%3AANd9GcRQrqcNOhjRmgBUS6kY8xl0tj4uiFWmvcr3f6MSXd4lMoQ0riz9&usqp=CAU,Lumpia
https://encrypted-tbn0.gstatic.com/images?q=tbn%3AANd9GcQOu8Of6rp5LwAcFZ8fr3idFEwbgevGegUlEWSkR1zMWxo1zPPI&usqp=CAU,Lumpia
https://encrypted-tbn0.gstatic.com/images?q=tbn%3AANd9GcQi9-nUvP8TV7zXtLWcchBDw1NzcvHIxAdukS0Y1AuWKfVWbXLD&usqp=CAU,Lumpia
https://encrypted-tbn0.gstatic.com/images?q=tbn%3AANd9GcTBNgZqjJd28S0WgGOvRPjKaQzVw7TwaDP9pXhdDOE1DaFqRdW6&usqp=CAU,Lumpia
https://encrypted-tbn0.gstatic.com/images?q=tbn%3AANd9GcTN-HbvmKVJidhNHomxPlQpzWya5EK6CN9s8SSfvjBvOWZxjuKL&usqp=CAU,Lumpia
https://encrypted-tbn0.gstatic.com/images?q=tbn%3AANd9GcTn9dFoGUu2vvzzgRVP17O4RmXMqqrQVJUoAE_hyeWi5z8w2xZA&usqp=CAU,Lumpia
https://encrypted-tbn0.gstatic.com/images?q=tbn%3AANd9GcQ4ju93lVsdl82Y0ZIVw9904mbsndsUxTWAs8w84G-eTLv3oTjB&usqp=CAU,Lumpia
https://encrypted-tbn0.gstatic.com/images?q=tbn%3AANd9GcRGxzWn_K30xFkhPsaRLd27YtoquBX0tcxlT1omS9weAExcNQEB&usqp=CAU,Lumpia
https://encrypted-tbn0.gstatic.com/images?q=tbn%3AANd9GcR9xr82KfXNe2eDN9ngaEbeU0SBFUM_wCjFEy_-TbYO0Pz47FgJ&usqp=CAU,Lumpia
https://encrypted-tbn0.gstatic.com/images?q=tbn%3AANd9GcT_kJkasFcg8gpII18O8IdVCLPWagdhBaL4-hda-JC-N19pXTvP&usqp=CAU,Lumpia
https://encrypted-tbn0.gstatic.com/images?q=tbn%3AANd9GcQXz2kj3LyWIYD7XPNCrZLR_fKrbkbIZcRkw45cidPIFE3oh7EJ&usqp=CAU,Lumpia
https://encrypted-tbn0.gstatic.com/images?q=tbn%3AANd9GcTYraa5i5DXlHqm1yj2zSSKqCOHNPIQ12NGPpRaStYngK-qzPGk&usqp=CAU,Lumpia
https://encrypted-tbn0.gstatic.com/images?q=tbn%3AANd9GcSD7TpFaxTlTLr9a6KwJPG3-C4T2AkkwkCyMyii-J0zpHI--zDR&usqp=CAU,Lumpia
