https://encrypted-tbn0.gstatic.com/images?q=tbn%3AANd9GcQRRQpoVXXozbbRmJmkeAoLZAxTkoTTDPTqoMFwNoKY_kmZyZJk&usqp=CAU,Pancit Guisado
https://encrypted-tbn0.gstatic.com/images?q=tbn%3AANd9GcSA3mQ2AFnRiDn15ZxSG3JiWfk73EZtPrlmRKaQvSKUPQrLlWVK&usqp=CAU,Pancit Guisado
https://encrypted-tbn0.gstatic.com/images?q=tbn%3AANd9GcSQca-sPesV6Rv2-6iK2GtqKyODN4irsB0m1Qpn9uVUoAaQpRcS&usqp=CAU,Pancit Guisado
https://encrypted-tbn0.gstatic.com/images?q=tbn%3AANd9GcTXz4hPiOa3EfQaJLr0aMNeRSY82g0s-JILzUtgxY-TftjCjpKg&usqp=CAU,Pancit Guisado
https://encrypted-tbn0.gstatic.com/images?q=tbn%3AANd9GcSRiSyr3GMXEX340cG6LeTxFh4jj6eyCi1rw1-m8d4gXbJ6tNg4&usqp=CAU,Pancit Guisado
https://encrypted-tbn0.gstatic.com/images?q=tbn%3AANd9GcSz6zjU8vqFiNNrCsYlwk9aDk-NRMS9F3kRtxnr9dMT-tUAORnq&usqp=CAU,Pancit Guisado
https://encrypted-tbn0.gstatic.com/images?q=tbn%3AANd9GcS-j1po8TrIzasVTXj9yJnE5cOjW43rgrctHi4ocVxYBFptJ66Q&usqp=CAU,Pancit Guisado
https://encrypted-tbn0.gstatic.com/images?q=tbn%3AANd9GcRyFp9YUQJSRt0mtZ3IJGBPmq5gV-eOPL59WYUCJcsSMqpnpSRz&usqp=CAU,Pancit Guisado
https://encrypted-tbn0.gstatic.com/images?q=tbn%3AANd9GcS5MjVUJ4cAxz7x7U_V7hCSVa11ktic5E5FjRq9ZS2STHrFqW4E&usqp=CAU,Pancit Guisado
https://encrypted-tbn0.gstatic.com/images?q=tbn%3AANd9GcTctv1_DNTwVr1fdoDaNIdIpTZVAgML6zdb1bdgmRAIad_wnuTk&usqp=CAU,Pancit Guisado
https://encrypted-tbn0.gstatic.com/images?q=tbn%3AANd9GcRZn7Nil0VpOjqPNnmJi5Ec3jhXNdYPsB0gF8Z5ydHROz61NzmV&usqp=CAU,Pancit Guisado
https://encrypted-tbn0.gstatic.com/images?q=tbn%3AANd9GcSd3Sig9WWz6aMfGArRmOVcWKIBwn-P6ihmtPpRK2T0O_eBbXeK&usqp=CAU,Pancit Guisado
https://encrypted-tbn0.gstatic.com/images?q=tbn%3AANd9GcSAnjVoSHBbP9QDioVa8vGMy-TYHjTf7Bfsu0iLK0_6uU4PFBdK&usqp=CAU,Pancit Guisado
https://encrypted-tbn0.gstatic.com/images?q=tbn%3AANd9GcTNgdIDAKV6MhYsdP5WLEGmp9yUYVxjFg5w_4rG10WII9MFThS3&usqp=CAU,Pancit Guisado
https://encrypted-tbn0.gstatic.com/images?q=tbn%3AANd9GcTCg102cEdO2OCpcypj0cZThMjd_7vPj5iFI-pwe4GlGdqwMjaR&usqp=CAU,Pancit Guisado
https://encrypted-tbn0.gstatic.com/images?q=tbn%3AANd9GcSbVwbuX3Og16bbjGB1f4pPNYehcYnGR2VtsowtFqAJTfrOLk1S&usqp=CAU,Pancit Guisado
https://encrypted-tbn0.gstatic.com/images?q=tbn%3AANd9GcQs65lE0TZcf3KPjBxtrg6r3ZxbwnDKSb9GxTSIOjKwWswWu8aX&usqp=CAU,Pancit Guisado
https://encrypted-tbn0.gstatic.com/images?q=tbn%3AANd9GcTVGB-yd6haxg9Ths4I4y8E-DTnzVqU1--om3nzYMu9rerNQ682&usqp=CAU,Pancit Guisado
https://encrypted-tbn0.gstatic.com/images?q=tbn%3AANd9GcSn0gnDWHNFLO_pRMOi4JqJciAGUiJRMzWqiTDfYqrlPJ30YHkw&usqp=CAU,Pancit Guisado
https://encrypted-tbn0.gstatic.com/images?q=tbn%3AANd9GcSdbQ9Gqcoc3yBcFzsjRaigcEDWUddA5-i_fi1Ep2Rcm9847cbk&usqp=CAU,Pancit Guisado
https://encrypted-tbn0.gstatic.com/images?q=tbn%3AANd9GcRQJRdTtkuy2tSExH2lFEW9Yl5DFLFA8hWfoVCFjOhNzFoXL5BK&usqp=CAU,Pancit Guisado
https://encrypted-tbn0.gstatic.com/images?q=tbn%3AANd9GcSH1BAXdrHv1uPNAg7JZuhBtVj55ounPcyZfvNgnXXoySJpsmC1&usqp=CAU,Pancit Guisado
https://encrypted-tbn0.gstatic.com/images?q=tbn%3AANd9GcSZow5Q4spNVDzKm6uqXNlmkVr-DEnmwEudb54sG5BORPQKGNZg&usqp=CAU,Pancit Guisado
https://encrypted-tbn0.gstatic.com/images?q=tbn%3AANd9GcRgpW6dXaP8opuKbsHXlg7qnIZFhswrgdgFbNuGrBRU_9Ib-Siu&usqp=CAU,Pancit Guisado
https://encrypted-tbn0.gstatic.com/images?q=tbn%3AANd9GcROVMG_Xy3sAC7ryglo9vOgHcQFYuV5lWt821DNseQw7vjgMhuY&usqp=CAU,Pancit Guisado
https://encrypted-tbn0.gstatic.com/images?q=tbn%3AANd9GcSVdTOedMNjvh1kIIivTbNkcLFbH71-CShzK-0P8RQXgC4kgBCG&usqp=CAU,Pancit Guisado
https://encrypted-tbn0.gstatic.com/images?q=tbn%3AANd9GcTU_S2EeYj84cV1mELoZOVSFH9UGgLQdFpoAXimIKSgic-hPlm1&usqp=CAU,Pancit Guisado
https://encrypted-tbn0.gstatic.com/images?q=tbn%3AANd9GcTGcMkCTaTUTwPbEqcKzL7J_A6x7zSrunynTPQ2PLK72HAkLunv&usqp=CAU,Pancit Guisado
https://encrypted-tbn0.gstatic.com/images?q=tbn%3AANd9GcTLZEmnckIUBAOYc0e7NFqeaTNBTZmAh4Yt9MCy5u333u8Q-Obn&usqp=CAU,Pancit Guisado
https://encrypted-tbn0.gstatic.com/images?q=tbn%3AANd9GcReVSG_6qHj_leaYx4LGcGw5wajsAvB31ZvlMUuSasw8MqHqeha&usqp=CAU,Pancit Guisado
https://encrypted-tbn0.gstatic.com/images?q=tbn%3AANd9GcT7GliaVjzCK6m1fACYQaOyIZZ3uQin7R3a93CkLzBS7k3SZ3xD&usqp=CAU,Pancit Guisado
https://encrypted-tbn0.gstatic.com/images?q=tbn%3AANd9GcSlEWo1mFQlGvZyLAED_at1qjJkF4QCVzQ1V84HPPIn2qE60usC&usqp=CAU,Pancit Guisado
https://encrypted-tbn0.gstatic.com/images?q=tbn%3AANd9GcQUOghnse4RjQgUgbRDBM_zrVQPi-Oa9chi6r4XexjanIvJJU1t&usqp=CAU,Pancit Guisado
https://encrypted-tbn0.gstatic.com/images?q=tbn%3AANd9GcTsc8D6sfURw8ongXfAfzSdXBYiToLez7oSzOjvXFQetifJQTs-&usqp=CAU,Pancit Guisado
https://encrypted-tbn0.gstatic.com/images?q=tbn%3AANd9GcQtv0dxFhCPeKV-5kR7X0UrnQlgCLkuXFAkZMHkN_DpmTUbMCBO&usqp=CAU,Pancit Guisado
https://encrypted-tbn0.gstatic.com/images?q=tbn%3AANd9GcQhcTmMiOOr0Z1Rr-DmlAPHWbjES64QbI-VhoiA6O__3-tW4Ig_&usqp=CAU,Pancit Guisado
https://encrypted-tbn0.gstatic.com/images?q=tbn%3AANd9GcRlrpcHMimL8fNM25W0qh-nO7jiqUXke2xICuEb7A2Iuq18sGQb&usqp=CAU,Pancit Guisado
https://encrypted-tbn0.gstatic.com/images?q=tbn%3AANd9GcSRzGgEHkXJesUxAyHirkITXCWiZ7U_CfWO5KOM7MBYfU5HTAb8&usqp=CAU,Pancit Guisado
https://encrypted-tbn0.gstatic.com/images?q=tbn%3AANd9GcQICvjoGIAh7vQK8WUt7jQlroyX5UluX6fnUqeoV580e0MWavwR&usqp=CAU,Pancit Guisado
https://encrypted-tbn0.gstatic.com/images?q=tbn%3AANd9GcS7vUZVjjMEDmJkFTkdNJErETmDR7p7_ThTfLyKxrbHAIu8ZlHY&usqp=CAU,Pancit Guisado
https://encrypted-tbn0.gstatic.com/images?q=tbn%3AANd9GcTyl6fbBoTXy47zZmKQb4LW1MfuhKJnmF2508FZnSqyPS234vrS&usqp=CAU,Pancit Guisado
https://encrypted-tbn0.gstatic.com/images?q=tbn%3AANd9GcTfelZfrZrzMWG5eiP4Pq669XsXSJ2AwVQ73V_gOX8TgzQibpWx&usqp=CAU,Pancit Guisado
https://encrypted-tbn0.gstatic.com/images?q=tbn%3AANd9GcQiXf1Z8DjaHhyA4HrSVN5idIvIGPj6FwftkR-aRw2G0hhoeQXv&usqp=CAU,Pancit Guisado
https://encrypted-tbn0.gstatic.com/images?q=tbn%3AANd9GcS1wpGj_bq2aLWSj9TVL3XPnAZ7TPhZhso9hE5j1f64DUQpdqxb&usqp=CAU,Pancit Guisado
https://encrypted-tbn0.gstatic.com/images?q=tbn%3AANd9GcTcJFFetemZNC2aFn0XPsupW_CAddI7_KFfSXUTGt6Mxb7xsMU0&usqp=CAU,Pancit Guisado
https://encrypted-tbn0.gstatic.com/images?q=tbn%3AANd9GcTBB6pq_NElVzdzAER04udQqjp0u2Gz6u0xI0Cmli4XnyprbGIG&usqp=CAU,Pancit Guisado
https://encrypted-tbn0.gstatic.com/images?q=tbn%3AANd9GcSGl0nfleouOfxAkDQCIJLVTdOnbaCfvgMnnXkb2Vce2-p9EJ6B&usqp=CAU,Pancit Guisado
https://encrypted-tbn0.gstatic.com/images?q=tbn%3AANd9GcRgQYmEiVOklV3Ke5k0xMsh7XlYW5WR1cyJfFtpMcBkncog0_I2&usqp=CAU,Pancit Guisado
https://encrypted-tbn0.gstatic.com/images?q=tbn%3AANd9GcSPZg7tFSSkOfEeLMEBwkP5aaJIxCXHbL7v5D_NFNFRqddH4N4T&usqp=CAU,Pancit Guisado
https://encrypted-tbn0.gstatic.com/images?q=tbn%3AANd9GcTLVE1RFcSE85MKyC5D0Qv36Vjsf24ecAKGB39rKqXjikmMxJkT&usqp=CAU,Pancit Guisado
https://encrypted-tbn0.gstatic.com/images?q=tbn%3AANd9GcQ1pRtxvT0wqtLsQDPPXDo2MjQtdIH9RsXty1Ax6F_Bcc5oXYdi&usqp=CAU,Pancit Guisado
https://encrypted-tbn0.gstatic.com/images?q=tbn%3AANd9GcQG8p05Lmi0xhESuc0ayGXT-CoCM_Dn5pMd3rB74R8m28bCXjHD&usqp=CAU,Pancit Guisado
https://encrypted-tbn0.gstatic.com/images?q=tbn%3AANd9GcSLycyyoWbwR__pcu1m18_wAgUWht9MuTGXBpUqMkfoEt1rWTXE&usqp=CAU,Pancit Guisado
https://encrypted-tbn0.gstatic.com/images?q=tbn%3AANd9GcQK176Pn4unfkgz1pL1-B1Je7MzCH3a_WvAzwnYK0n4TeDwv00V&usqp=CAU,Pancit Guisado
https://encrypted-tbn0.gstatic.com/images?q=tbn%3AANd9GcT6pjEEN5CnkBg114zFQNLl8VjejYH7T89RwukNBTD4AIdBuxuL&usqp=CAU,Pancit Guisado
https://encrypted-tbn0.gstatic.com/images?q=tbn%3AANd9GcQq9EDyJBp1AsyGtx_PfojuMjSZMUl4We9bkEoTB5fNUhSQdX1w&usqp=CAU,Pancit Guisado
https://encrypted-tbn0.gstatic.com/images?q=tbn%3AANd9GcRrJCJG_UHfzaZIRlFmpWAvPp2q5hgyZtyjm3v0-qwYBhoOHhbY&usqp=CAU,Pancit Guisado
https://encrypted-tbn0.gstatic.com/images?q=tbn%3AANd9GcQaKTZEGhM4-NE_JMr4YIH9DoFJ6RG0SpzFzWc3WbTH7NLJs58z&usqp=CAU,Pancit Guisado
https://encrypted-tbn0.gstatic.com/images?q=tbn%3AANd9GcTeVAw12c7Xdnqht2WR4wHaCuFnz_P1mPQFduLlm4PQuBC0x2ch&usqp=CAU,Pancit Guisado
https://encrypted-tbn0.gstatic.com/images?q=tbn%3AANd9GcQuLlgqDYMbu7A9Wf-HXiX2QSvs9bysIGhZgDgqiFOF5AQLN54t&usqp=CAU,Pancit Guisado
https://encrypted-tbn0.gstatic.com/images?q=tbn%3AANd9GcRveVWnyqZWSmlN719a85EvFZMsC398SzySpftHA8EUxYNi0VUE&usqp=CAU,Pancit Guisado
https://encrypted-tbn0.gstatic.com/images?q=tbn%3AANd9GcQnY1N9_e9dPSlzBpN9DMPO3DrZeWqlWrAqNoaSOdA2u0llKbFh&usqp=CAU,Pancit Guisado
https://encrypted-tbn0.gstatic.com/images?q=tbn%3AANd9GcTpyocgCfRuFWwvP2LGR6OCNAHWO30PIU5Az6Th6Ybwi0Lhkkib&usqp=CAU,Pancit Guisado
https://encrypted-tbn0.gstatic.com/images?q=tbn%3AANd9GcQEIbzStNblLZuZoqYjLHyQl_NfJ33YN85rgD55ITuxN8XMOU9F&usqp=CAU,Pancit Guisado
https://encrypted-tbn0.gstatic.com/images?q=tbn%3AANd9GcQCVAefnnsOZUHLRi89I4FqYmrtOc23eCkmNTuzpmXqPr5yTALy&usqp=CAU,Pancit Guisado
https://encrypted-tbn0.gstatic.com/images?q=tbn%3AANd9GcRyhC6YaM3krtrXstUU97KiVfdGHV35VC_6RzfKtKE6vmBCVTBL&usqp=CAU,Pancit Guisado
https://encrypted-tbn0.gstatic.com/images?q=tbn%3AANd9GcTMDETUyYFkiFpBoD7d8aqCtJoSQ77HfIMoFFsAQmlXl4mFLnFx&usqp=CAU,Pancit Guisado
https://encrypted-tbn0.gstatic.com/images?q=tbn%3AANd9GcRO9mJyiDFTOfsZt7TYMf3IntXTTWuU86pW-XvC7RKLB3D9f-yV&usqp=CAU,Pancit Guisado
https://encrypted-tbn0.gstatic.com/images?q=tbn%3AANd9GcR-8J-kZbFSPbb_YR82DoHn49RbghWattgwnJUyvbndA_ZxEgow&usqp=CAU,Pancit Guisado
https://encrypted-tbn0.gstatic.com/images?q=tbn%3AANd9GcSjf1wGzN7XNgjTBA3RUV_8Z8Mv7liFONJrnkhHfjeRjewOX-Pd&usqp=CAU,Pancit Guisado
https://encrypted-tbn0.gstatic.com/images?q=tbn%3AANd9GcRDG4xe9G_Z1cVtlijy2quNjS7pexpxjJb884iXTiqNZ5KC_-10&usqp=CAU,Pancit Guisado
https://encrypted-tbn0.gstatic.com/images?q=tbn%3AANd9GcQRA7I8eD2UQwD0brKnVEuAK2W3QC4Fez5cugF-K__7jwnUGhLV&usqp=CAU,Pancit Guisado
https://encrypted-tbn0.gstatic.com/images?q=tbn%3AANd9GcRpQETMzAPoWwY1hFYTRfhbpCjgSWt2rzc0TRsxgWSfgpvpGDTA&usqp=CAU,Pancit Guisado
https://encrypted-tbn0.gstatic.com/images?q=tbn%3AANd9GcQ-WR3mktGzIAe7-Cun-1us7sJhls_e2ORo7QDe4qeNwJO7qqNv&usqp=CAU,Pancit Guisado
https://encrypted-tbn0.gstatic.com/images?q=tbn%3AANd9GcSOQFDaTDPe4O1i6Yw17zGc9bC5k38rAg9mOn-rCTva0De0dj5X&usqp=CAU,Pancit Guisado
https://encrypted-tbn0.gstatic.com/images?q=tbn%3AANd9GcTfSmc37C15mi07hldYFVnSLwQdMAJaLUaPV3X2xkVGr1H6AnsF&usqp=CAU,Pancit Guisado
https://encrypted-tbn0.gstatic.com/images?q=tbn%3AANd9GcT3MybdpIA7Vz0CDtmdLvQeYXX22JTS9Va1EdRdK6EzvAsK6ONn&usqp=CAU,Pancit Guisado
https://encrypted-tbn0.gstatic.com/images?q=tbn%3AANd9GcS8HLjVsjVffXOgLm1JKX-_8qVExtrdRVHp8d1_KKg1cCu9oJ49&usqp=CAU,Pancit Guisado
https://encrypted-tbn0.gstatic.com/images?q=tbn%3AANd9GcRUptJ8OZISTLMOby2axlPpVx0--yFTY0gDVhA3ZtMix35KI8ee&usqp=CAU,Pancit Guisado
https://encrypted-tbn0.gstatic.com/images?q=tbn%3AANd9GcQs2Ilp9XdW8t9z8ufyl5QBF1oFCj7EykPK58JXdhtgSteoum_9&usqp=CAU,Pancit Guisado
https://encrypted-tbn0.gstatic.com/images?q=tbn%3AANd9GcT98eVeL1nUELrwUIZD_k_hJu_v6wXlaqbLkhzWn_Yq3K_gDKSZ&usqp=CAU,Pancit Guisado
https://encrypted-tbn0.gstatic.com/images?q=tbn%3AANd9GcQs1sog57DFDXGnGru_lll2uw6An9bpC8n2S0d6q-6GCCv9SNUU&usqp=CAU,Pancit Guisado
https://encrypted-tbn0.gstatic.com/images?q=tbn%3AANd9GcRaGKjNSz_Zhf1Gv6eZltL3GhDRGWHR2lzll3g7QGb_6ncLl1Ir&usqp=CAU,Pancit Guisado
https://encrypted-tbn0.gstatic.com/images?q=tbn%3AANd9GcSm3t3KbwrxYDLhg6eaCYAEU-9Yux-k56pvN7ZUakvOH7JUnitR&usqp=CAU,Pancit Guisado
https://encrypted-tbn0.gstatic.com/images?q=tbn%3AANd9GcSF18RSYrAIxcQNm9KyI2mKflIuDDxcwroTQEU1wpl5ndn6-21O&usqp=CAU,Pancit Guisado
https://encrypted-tbn0.gstatic.com/images?q=tbn%3AANd9GcRkI2uOl3JreNVwHPt5lEJyDHUzMWI9cgsjyHJvF17bPpyitEDk&usqp=CAU,Pancit Guisado
https://encrypted-tbn0.gstatic.com/images?q=tbn%3AANd9GcQIsqighfY0HlG87uEULOyhdmk5KcsaVk7oCKWcBEAzoDxRHd64&usqp=CAU,Pancit Guisado
https://encrypted-tbn0.gstatic.com/images?q=tbn%3AANd9GcSX8bhYhET7AShSMZbdhkPXrAeEcwhlICiV6LrhSgIh8caeucpH&usqp=CAU,Pancit Guisado
https://encrypted-tbn0.gstatic.com/images?q=tbn%3AANd9GcR2iNrOP4TW9iQPh0wPQM9wur-C39P_gF-GovZ4RkeYugZhLP5x&usqp=CAU,Pancit Guisado
https://encrypted-tbn0.gstatic.com/images?q=tbn%3AANd9GcTzC_FvLK_evLCaM_Vi5pg44vJ7ljM8ZA4ATKKELAtPiljFUxZC&usqp=CAU,Pancit Guisado
https://encrypted-tbn0.gstatic.com/images?q=tbn%3AANd9GcTWep7X7DvjokfJ5-MBeDWCOy8espEzMNP8JYYr29F5ieKu7GZh&usqp=CAU,Pancit Guisado
https://encrypted-tbn0.gstatic.com/images?q=tbn%3AANd9GcQsn_A20YM5MiY5Z3JF7LGqads_ESYUxt3XV0a79z3Uv2MxkHea&usqp=CAU,Pancit Guisado
https://encrypted-tbn0.gstatic.com/images?q=tbn%3AANd9GcRL2yponObddCmIzTBxOwbsv9e9TCVTVwMWS8ob_OQMkE7O2fn6&usqp=CAU,Pancit Guisado
https://encrypted-tbn0.gstatic.com/images?q=tbn%3AANd9GcR6I8rAZ6-VqYxOP-p0mF4iNG6POPPV8_crvq5coubX66NRbYwj&usqp=CAU,Pancit Guisado
https://encrypted-tbn0.gstatic.com/images?q=tbn%3AANd9GcTbH-o8fQxD8B_9r4cZnvMO2q3j40D3uoOXxjEF5w_aXWddtsJt&usqp=CAU,Pancit Guisado
https://encrypted-tbn0.gstatic.com/images?q=tbn%3AANd9GcRMy6coV2Qj2cK4aIupYZB7eKMUWVe_BT3R66R_zKa_9ZjwE8MY&usqp=CAU,Pancit Guisado
https://encrypted-tbn0.gstatic.com/images?q=tbn%3AANd9GcQA8X2fwCiSe28CAyW0Igegxeq6omkG_gxBZNkYonW1YNpaWBRd&usqp=CAU,Pancit Guisado
https://encrypted-tbn0.gstatic.com/images?q=tbn%3AANd9GcRh9xxQv9TSa8HmYWhFbJmq0iqN2a7c2JnMLeZ7RtB5HKzaVpb-&usqp=CAU,Pancit Guisado
https://encrypted-tbn0.gstatic.com/images?q=tbn%3AANd9GcQedzNWsgWJvxyIN4GvXToE-Nkr-fGDlabuRO4UiQl4m1ceOxfb&usqp=CAU,Pancit Guisado
https://encrypted-tbn0.gstatic.com/images?q=tbn%3AANd9GcQFYkKDQrXfHLWhbKihM_Xrgz-ToRKIhdGdZkPkFL7G7f6J3gLa&usqp=CAU,Pancit Guisado
https://encrypted-tbn0.gstatic.com/images?q=tbn%3AANd9GcTZtRA2GZaOuxE-ehekCByqd22s3huVcX2x1-tBS2h_nb_EdGxP&usqp=CAU,Pancit Guisado
https://encrypted-tbn0.gstatic.com/images?q=tbn%3AANd9GcQmlDSNR7sGkUT2sKuMsrQsZoUQfrt5VnN3da1VwslB7Dst5yxx&usqp=CAU,Pancit Guisado
https://encrypted-tbn0.gstatic.com/images?q=tbn%3AANd9GcTndOeMmmIwBMvw8KGdafTCKFOh1S6ZMd-rZliSrjWe9Uu-cRH2&usqp=CAU,Pancit Guisado
https://encrypted-tbn0.gstatic.com/images?q=tbn%3AANd9GcTd6JfAd0fw0khu0ACwj6d2TuJ60UIY40X8QqsT1ey4YarVrgB8&usqp=CAU,Pancit Guisado
https://encrypted-tbn0.gstatic.com/images?q=tbn%3AANd9GcQCQgbz43kC138ZntD-Qn4_l6kTiMoFnplRKps0IwvtAed5v_j0&usqp=CAU,Pancit Guisado
https://encrypted-tbn0.gstatic.com/images?q=tbn%3AANd9GcRPslLJizsR-BnkqJQQdD5ae9cH2YIkZeL8Wjc7B1X10PEOwkmK&usqp=CAU,Pancit Guisado
https://encrypted-tbn0.gstatic.com/images?q=tbn%3AANd9GcQjy9p7KqUN2QGhnVwY6uIDNT-By3ouTSZkH1UvunmsFRTXcqs0&usqp=CAU,Pancit Guisado
https://encrypted-tbn0.gstatic.com/images?q=tbn%3AANd9GcTS8O_W6fvDtXRZXxvHQheGp5bTnyCBF4IRJ2pPnN2WiVrGRSCb&usqp=CAU,Pancit Guisado
https://encrypted-tbn0.gstatic.com/images?q=tbn%3AANd9GcTZ6NNjKId9Ho469tUfMtBjF-_AiJiFN7Rn_pth3TUJGN2MzqkY&usqp=CAU,Pancit Guisado
https://encrypted-tbn0.gstatic.com/images?q=tbn%3AANd9GcSBr-N6QwpdlDF8D417pu4ymWRmJU6MfvglKq8z0FEVPJH6dd0n&usqp=CAU,Pancit Guisado
https://encrypted-tbn0.gstatic.com/images?q=tbn%3AANd9GcSxGpiJOKdE37cfaSm4ELEekBnUTR0ULqmA5t87Uvm9zA39Z4PY&usqp=CAU,Pancit Guisado
https://encrypted-tbn0.gstatic.com/images?q=tbn%3AANd9GcRXkAYZ7gK6hKYMHNbitQjHRB8XvjUcWivBdVFy2v7WhY8FceRi&usqp=CAU,Pancit Guisado
https://encrypted-tbn0.gstatic.com/images?q=tbn%3AANd9GcRimnwbTd6uW5Kwo6jXd1y02cgfu-8TwFnT4dp_oMAAhC-TnJNi&usqp=CAU,Pancit Guisado
https://encrypted-tbn0.gstatic.com/images?q=tbn%3AANd9GcTfUOuLuM6iCZb3qxV3Hx84w4y_Tt2b8U0gCP8U2B_FFO-TWpXt&usqp=CAU,Pancit Guisado
https://encrypted-tbn0.gstatic.com/images?q=tbn%3AANd9GcTElzPsn-BzF0TalT5jg733-J6OQxz8hgEFAnBPNVZI-09zjm3q&usqp=CAU,Pancit Guisado
https://encrypted-tbn0.gstatic.com/images?q=tbn%3AANd9GcTy3JO6Kom9Jq-8aDp8oRUZafV5JU_N72WGgm_fsv2isbA87zd_&usqp=CAU,Pancit Guisado
https://encrypted-tbn0.gstatic.com/images?q=tbn%3AANd9GcRw8kqIhsVaFaZWjRwqN9fzYJkuyA0T5uY7tfNKBDqdcpZlJUCT&usqp=CAU,Pancit Guisado
https://encrypted-tbn0.gstatic.com/images?q=tbn%3AANd9GcTYz1EOXjrXlx6gv70FooIF8tndFfnmyQ1B3ssedmEFv2U1-9j8&usqp=CAU,Pancit Guisado
https://encrypted-tbn0.gstatic.com/images?q=tbn%3AANd9GcRX2zQd84KOMCm-LRvTBURCosavYPk-9mJVN0SEsV5spS_37KDC&usqp=CAU,Pancit Guisado
https://encrypted-tbn0.gstatic.com/images?q=tbn%3AANd9GcT1u9xnjN_JdKFUQ0nXuuKz58bdRo7OSPeQv33oGl_3Z896O0fv&usqp=CAU,Pancit Guisado
https://encrypted-tbn0.gstatic.com/images?q=tbn%3AANd9GcQ1DD9W0JR8Yq-OTUBnnpAG8DNAlXg0YpxW7qcPRcK0RhEUFB0u&usqp=CAU,Pancit Guisado
https://encrypted-tbn0.gstatic.com/images?q=tbn%3AANd9GcQDr9Uh25yTLtF5-9g2c_w1tM7_otminp7x3OIWEtt_JQkkXNSD&usqp=CAU,Pancit Guisado
https://encrypted-tbn0.gstatic.com/images?q=tbn%3AANd9GcSoYXxLN0kG8A6HunFaNr1RxTua79HgeSB5GP3hVDzM2UobI_i8&usqp=CAU,Pancit Guisado
https://encrypted-tbn0.gstatic.com/images?q=tbn%3AANd9GcRvGC7ATNx4hI-CqMrYQMzpm4Mb_LVWA300G63ZodVnCiqRiAbP&usqp=CAU,Pancit Guisado
https://encrypted-tbn0.gstatic.com/images?q=tbn%3AANd9GcRZK2zeWIMuaV7jLUiiHHdYCh27jykYgipcF196G6tQli8b_mH3&usqp=CAU,Pancit Guisado
https://encrypted-tbn0.gstatic.com/images?q=tbn%3AANd9GcRuPKOX4ihDM9eapMFIubL9ulYYtecQkI1a9FjQqa4mheki9sil&usqp=CAU,Pancit Guisado
https://encrypted-tbn0.gstatic.com/images?q=tbn%3AANd9GcQ-B9Z_zKKxstZj96_eJhvOvoq1Pc38_OZZvQfrlGRgZFhWwaEx&usqp=CAU,Pancit Guisado
https://encrypted-tbn0.gstatic.com/images?q=tbn%3AANd9GcQjh9h2TfJFHb72WrotOPKnBKrXW9CyumEtVUKknu4RdbGEdb5-&usqp=CAU,Pancit Guisado
