https://encrypted-tbn0.gstatic.com/images?q=tbn%3AANd9GcSf7EK16e7nXqd3iYIykP15w_IAgmSJ23f5TvHphLX8u7faRowb&usqp=CAU,Pancit Palabok
https://encrypted-tbn0.gstatic.com/images?q=tbn%3AANd9GcQs9Yx4F9gxGI4ob1t8hHKkBFX8vMVhlpyaM36IYNd6EOBtT7_o&usqp=CAU,Pancit Palabok
https://encrypted-tbn0.gstatic.com/images?q=tbn%3AANd9GcTenqxc80g2c4q1xHefaUM0S5tLpEtVR52ZPZRJFLKMWdv2zqmB&usqp=CAU,Pancit Palabok
https://encrypted-tbn0.gstatic.com/images?q=tbn%3AANd9GcRGfqErIo6sY1fcrAZSvzHlj3WsLKMiyi8cxTICPxq5SeHMVxkg&usqp=CAU,Pancit Palabok
https://encrypted-tbn0.gstatic.com/images?q=tbn%3AANd9GcSgiGaEp8w2mWqMnLP-whRx1z9228_FzYSmkKKcpEyxQf6HUKe1&usqp=CAU,Pancit Palabok
https://encrypted-tbn0.gstatic.com/images?q=tbn%3AANd9GcT6p0nNeIMlhw7z9q5UuA39o-PzvgP3DIVsVLmYskH-vUR6Zcwk&usqp=CAU,Pancit Palabok
https://encrypted-tbn0.gstatic.com/images?q=tbn%3AANd9GcQ-18zDG3LrL_r6tnAG3MDPIg_R9rSNMpFVeWkCzPdUUQcVpaMN&usqp=CAU,Pancit Palabok
https://encrypted-tbn0.gstatic.com/images?q=tbn%3AANd9GcQ22Cd5zixPipSze_sCKmp76fk-6vYsMWdF2bEKDHp5zaBQ0sQQ&usqp=CAU,Pancit Palabok
https://encrypted-tbn0.gstatic.com/images?q=tbn%3AANd9GcRvcBFCzP1S7DpbqRvImQL3jAdB5lW_ppkHbXqxluc453gm5ICV&usqp=CAU,Pancit Palabok
https://encrypted-tbn0.gstatic.com/images?q=tbn%3AANd9GcRg9SVJEz0RqTf-KpVopk3cgLvIgT0PFC0KGx_a92TEBCCnWGc5&usqp=CAU,Pancit Palabok
https://encrypted-tbn0.gstatic.com/images?q=tbn%3AANd9GcTtvjrw6KAgBIF24-e6HVnFBeyHrM54VmKgCMENcorIa7SkmuEF&usqp=CAU,Pancit Palabok
https://encrypted-tbn0.gstatic.com/images?q=tbn%3AANd9GcQWwWO0vYdICNbFzWyx7LtB5OLJRJxFQTCQEeYbWrG5DDJsgtoe&usqp=CAU,Pancit Palabok
https://encrypted-tbn0.gstatic.com/images?q=tbn%3AANd9GcScTNKWBT0lBYdHHHwjp3R6Td_ZosoKTqSMKxkxAzbFeVy771RJ&usqp=CAU,Pancit Palabok
https://encrypted-tbn0.gstatic.com/images?q=tbn%3AANd9GcT5F2CsM7UYv-Y7uhWKCvI5k9b_LrCnNztghDDbNxuohjVcJ6B-&usqp=CAU,Pancit Palabok
https://encrypted-tbn0.gstatic.com/images?q=tbn%3AANd9GcQJl2yaycM9quX_4A72t00GJ_SH8psSwr6FTeQLkeWKqXCFmbbQ&usqp=CAU,Pancit Palabok
https://encrypted-tbn0.gstatic.com/images?q=tbn%3AANd9GcRDFUNg_sjX_AIyJ1WXb3iNyIbUi5dy_WrjVFs6p2HaY0ZXwxYd&usqp=CAU,Pancit Palabok
https://encrypted-tbn0.gstatic.com/images?q=tbn%3AANd9GcSjm7xIlBa75vozlvT2qw1KcImAmi9B8j6J35116_l9Mte--BHa&usqp=CAU,Pancit Palabok
https://encrypted-tbn0.gstatic.com/images?q=tbn%3AANd9GcTrxhvHSJnLK9s_SRNvsXIRnwmUXZNtxWuSMN4hDmL76OIS0sU9&usqp=CAU,Pancit Palabok
https://encrypted-tbn0.gstatic.com/images?q=tbn%3AANd9GcRHJr0mkdv5kQiVjx4B8txONcPsPjJzdRWo6IxeaWCb5OUixwvE&usqp=CAU,Pancit Palabok
https://encrypted-tbn0.gstatic.com/images?q=tbn%3AANd9GcRxquIY7p7dalCW9t0juOQhXV9plP0xg4LdxZiSWbiJMv9-LXMp&usqp=CAU,Pancit Palabok
https://encrypted-tbn0.gstatic.com/images?q=tbn%3AANd9GcQxSRRsuVqfo7vvF25uC3BekZBfPbeUfr8XalygOP5A6e0lRHG3&usqp=CAU,Pancit Palabok
https://encrypted-tbn0.gstatic.com/images?q=tbn%3AANd9GcQXeX2M3HH7wp1iIFZZHbQSftjdq8GCt3W1IvxvXS-6paWh1P1Z&usqp=CAU,Pancit Palabok
https://encrypted-tbn0.gstatic.com/images?q=tbn%3AANd9GcQdPQkvfrCBveg8hmqWjqgu0zi3LMfybZJqcp6tetiA2VGKoKvx&usqp=CAU,Pancit Palabok
https://encrypted-tbn0.gstatic.com/images?q=tbn%3AANd9GcQAmSmpL-GJPK9MlWFudsaAW7bGTjghw-qQGRtbepvPFgOkS_Eg&usqp=CAU,Pancit Palabok
https://encrypted-tbn0.gstatic.com/images?q=tbn%3AANd9GcSvz2TQ-K-rrFn6bpPMj17YM8mdMRq0G2VEzl_D_X83u8I_0mCS&usqp=CAU,Pancit Palabok
https://encrypted-tbn0.gstatic.com/images?q=tbn%3AANd9GcTy_8NleEWT76P0s0Z4vCeBknO5l6T8vTMZwq1NXBrN0QHs7tZh&usqp=CAU,Pancit Palabok
https://encrypted-tbn0.gstatic.com/images?q=tbn%3AANd9GcSwBYnUHhrU5zik1T6K8JS93es25hng5SJhPEcSgaO9gibqvrbt&usqp=CAU,Pancit Palabok
https://encrypted-tbn0.gstatic.com/images?q=tbn%3AANd9GcT4PzcXbva_Jjf0lN4F6DXv8oVV-CkZx7gk6VLDOo_C-0hNg8bi&usqp=CAU,Pancit Palabok
https://encrypted-tbn0.gstatic.com/images?q=tbn%3AANd9GcQfyYz7jvMVoeuusWggaMyLB_dMRVvdbnnaM4sGeauOl-7jLNtt&usqp=CAU,Pancit Palabok
https://encrypted-tbn0.gstatic.com/images?q=tbn%3AANd9GcS1hi6kYqMxKoMwjC47K5CPagf7DTOV_TghHmqqBu6RokNipZe7&usqp=CAU,Pancit Palabok
https://encrypted-tbn0.gstatic.com/images?q=tbn%3AANd9GcRbec77O-41mCU8Q727k8xSfv0KQM6NLrbOoHNfc0SIkqFhVNAX&usqp=CAU,Pancit Palabok
https://encrypted-tbn0.gstatic.com/images?q=tbn%3AANd9GcQoaC1VQtlY4WpWZaMvikgQeNSxmZywAThJXYovZGnftkMfGcKJ&usqp=CAU,Pancit Palabok
https://encrypted-tbn0.gstatic.com/images?q=tbn%3AANd9GcQp0j2iiH5SXNEpaUwSqdRa4vY6Bnq39v7Lg_Ma6829MAFvzJvX&usqp=CAU,Pancit Palabok
https://encrypted-tbn0.gstatic.com/images?q=tbn%3AANd9GcS3YfWA0eWPLBimr0pLEOi7OiJethlntReKWuMS7wcE2fVvhoGv&usqp=CAU,Pancit Palabok
https://encrypted-tbn0.gstatic.com/images?q=tbn%3AANd9GcQ1REZHyMQdog8QUu5C44K5fFKqilJIaKD1HsgBulSczUAwaK7q&usqp=CAU,Pancit Palabok
https://encrypted-tbn0.gstatic.com/images?q=tbn%3AANd9GcRBjpeAXeAaXtdwubo7PMwrw4F9ix_PMt8u6xQwQu2qSPW-UMuc&usqp=CAU,Pancit Palabok
https://encrypted-tbn0.gstatic.com/images?q=tbn%3AANd9GcSl20A608LMGk62b6fswRnL8b2Ea1N-lnRZld9jm-Bak7BWBTCz&usqp=CAU,Pancit Palabok
https://encrypted-tbn0.gstatic.com/images?q=tbn%3AANd9GcRxRH-c3MFDx9cZ3_kLKEHKfcdvQpsQB-mJjtInQ1xFDVyBHQDa&usqp=CAU,Pancit Palabok
https://encrypted-tbn0.gstatic.com/images?q=tbn%3AANd9GcShIHbaExTVLdkBt4II2g4dxxU9v2_xnlFOmRdRS3SSgoueBYMd&usqp=CAU,Pancit Palabok
https://encrypted-tbn0.gstatic.com/images?q=tbn%3AANd9GcR1vzO7DsAYv73OsE71ulhbNT8ZsAFbZX3Jd6Q90ahNrq_S8hk2&usqp=CAU,Pancit Palabok
https://encrypted-tbn0.gstatic.com/images?q=tbn%3AANd9GcRFlqWzNGdYGClFDnxs8bqlWzx-2tHJ1oUIDFlydeiM_utvkHCD&usqp=CAU,Pancit Palabok
https://encrypted-tbn0.gstatic.com/images?q=tbn%3AANd9GcSuclrGoEnyftJ67LgY245NyxOYlSFMlrg7pyvajZwAtgIlnqxn&usqp=CAU,Pancit Palabok
https://encrypted-tbn0.gstatic.com/images?q=tbn%3AANd9GcQuJOnoLXwlO83bB6t6fjtXNCIp8UcezI6IP_c9NeqwZGvPYkZ-&usqp=CAU,Pancit Palabok
https://encrypted-tbn0.gstatic.com/images?q=tbn%3AANd9GcRZKWWBdBymwAjFfGuFQWNdhHjhc7NYTpL53etaj_0QhajJdsEP&usqp=CAU,Pancit Palabok
https://encrypted-tbn0.gstatic.com/images?q=tbn%3AANd9GcReVSG_6qHj_leaYx4LGcGw5wajsAvB31ZvlMUuSasw8MqHqeha&usqp=CAU,Pancit Palabok
https://encrypted-tbn0.gstatic.com/images?q=tbn%3AANd9GcRmK2s88PJVnzxZrAlkneNZ9St-PO09HvTARygfDIcwHm9LqSxm&usqp=CAU,Pancit Palabok
https://encrypted-tbn0.gstatic.com/images?q=tbn%3AANd9GcQH4iJPCsW-mMpYhjsdnnguWZN49jIKnDflLPB7HJL2z7-DSSfE&usqp=CAU,Pancit Palabok
https://encrypted-tbn0.gstatic.com/images?q=tbn%3AANd9GcQ3svvIMgvON0JK3XxYq8ZJQiZ6MKFpcuNbxOAYU2_LjMuKwMot&usqp=CAU,Pancit Palabok
https://encrypted-tbn0.gstatic.com/images?q=tbn%3AANd9GcT2OPLi3vcWeS6dIPuPWrSr4vOS5KG7nT6oaFRsOqsiUhBzDdKl&usqp=CAU,Pancit Palabok
https://encrypted-tbn0.gstatic.com/images?q=tbn%3AANd9GcSwJx52YKzI2BGMUx3bDJqZGRCky_aSgslkvnmi6bNf_PEeUPCg&usqp=CAU,Pancit Palabok
https://encrypted-tbn0.gstatic.com/images?q=tbn%3AANd9GcSwJNk4QZ4HZ_IL6VEmSE8sUSw5Wro5ioDXoFdmkfgj8hrWFLaB&usqp=CAU,Pancit Palabok
https://encrypted-tbn0.gstatic.com/images?q=tbn%3AANd9GcSjG8Y9JbWuxErdD6CB0hLKvmIeZUUTyIIy4RpG5fwksK45hZPN&usqp=CAU,Pancit Palabok
https://encrypted-tbn0.gstatic.com/images?q=tbn%3AANd9GcQDVSdOamTeJS-bBH1m2MCWrQNX2Mq2mR4jq-aioieoVj3fh97K&usqp=CAU,Pancit Palabok
https://encrypted-tbn0.gstatic.com/images?q=tbn%3AANd9GcQbaTS6_M2AxVPkn-VQCcUzyKaHhjxNMArv4tfKftOVJKGE8yyD&usqp=CAU,Pancit Palabok
https://encrypted-tbn0.gstatic.com/images?q=tbn%3AANd9GcShv36gaIHgEFmXboaHoWYYLBxJxqv3HjYc5U_-nDmNCURRHeYc&usqp=CAU,Pancit Palabok
https://encrypted-tbn0.gstatic.com/images?q=tbn%3AANd9GcSc44xXuCQKR_BFYyh1JXOen_nHO8S7zr9JHl4-aosXf7Ud0Ioh&usqp=CAU,Pancit Palabok
https://encrypted-tbn0.gstatic.com/images?q=tbn%3AANd9GcT9lEZrsy1KFnELtGE7B3cwGQ3trftszAfVC6FwybMdFsOyzWv1&usqp=CAU,Pancit Palabok
https://encrypted-tbn0.gstatic.com/images?q=tbn%3AANd9GcTh7kx1XLTHzl5nSGG2pze9b8DtHmIrfgVoV16cIgOD2_D6OeYi&usqp=CAU,Pancit Palabok
https://encrypted-tbn0.gstatic.com/images?q=tbn%3AANd9GcR_fQka6yaSewNuT_Xwv4VYoQ4bHvc39f49b89pOpdj9f1vC5HU&usqp=CAU,Pancit Palabok
https://encrypted-tbn0.gstatic.com/images?q=tbn%3AANd9GcQHJ5FOy3pLM1ElysflvofJxwEmjdty6LTZ1Wr0fABlCMf5dfQ7&usqp=CAU,Pancit Palabok
