https://encrypted-tbn0.gstatic.com/images?q=tbn%3AANd9GcSnWZam8KuoRJ3J-h3J0kStbgHqj98YfnPIWPrcyxKE_gAyP5xG&usqp=CAU,Pandesal
https://encrypted-tbn0.gstatic.com/images?q=tbn%3AANd9GcS7S4eWa50bYWDkeiF7tcajjRwmVR79EODDG-s6XFpD95XI65Cg&usqp=CAU,Pandesal
https://encrypted-tbn0.gstatic.com/images?q=tbn%3AANd9GcTwx1bD5E0mDZYtRy_19-ke9uYeAvJ09qQ527qNOSW0lJOBh5ED&usqp=CAU,Pandesal
https://encrypted-tbn0.gstatic.com/images?q=tbn%3AANd9GcT5viUv5t4GtkoFjW-xLbjvjK08C0N3-Te0JribgPo845ci-cV6&usqp=CAU,Pandesal
https://encrypted-tbn0.gstatic.com/images?q=tbn%3AANd9GcThwvOYcjbei2EXbo-L3_goPBgskvis8DFodytjylLxhW5Ry-Bh&usqp=CAU,Pandesal
https://encrypted-tbn0.gstatic.com/images?q=tbn%3AANd9GcRIwL_elYXQ16lCXX7cO95C6B2lOTSS1WTLN-1L_dnYjYBCpq0G&usqp=CAU,Pandesal
https://encrypted-tbn0.gstatic.com/images?q=tbn%3AANd9GcQSAWo4UoovgZDbGgROqhHgYGUsmJ2IhWj0j67d4SDAOMoFEg5J&usqp=CAU,Pandesal
https://encrypted-tbn0.gstatic.com/images?q=tbn%3AANd9GcRrSsjHXnMC5D1QV7bmHk9qevjyO2goZ5AKxiivNU61ZokqWefT&usqp=CAU,Pandesal
https://encrypted-tbn0.gstatic.com/images?q=tbn%3AANd9GcRBIf9KoATwlMADSQOyGXuw2oWz4m5PRHg5BLODlZUSE0Ng9ky5&usqp=CAU,Pandesal
https://encrypted-tbn0.gstatic.com/images?q=tbn%3AANd9GcQvRsIH4U3kuxdd-mIvFpC6bxVn1sB2HTro1kYTWqgZHyj4ILrz&usqp=CAU,Pandesal
https://encrypted-tbn0.gstatic.com/images?q=tbn%3AANd9GcR_FQHLxmHQ5XTdrNF5tSCCV9dESCknyixaAG6vnDDUKEmSWQW6&usqp=CAU,Pandesal
https://encrypted-tbn0.gstatic.com/images?q=tbn%3AANd9GcQrZ7Q__SRL244wdd0pyl3swcQ2rzTcy--a-XAmOOqfQgMqDdjT&usqp=CAU,Pandesal
https://encrypted-tbn0.gstatic.com/images?q=tbn%3AANd9GcQ1ZMjrJV8QyqIwkwrCdfbLdR0E5-QV7ITpLQife5zNjph3sYMo&usqp=CAU,Pandesal
https://encrypted-tbn0.gstatic.com/images?q=tbn%3AANd9GcQbB-aG7QU37cE96K7mj943DuQ6eSvKZRDA8dcwNRu-VKoUBNKz&usqp=CAU,Pandesal
https://encrypted-tbn0.gstatic.com/images?q=tbn%3AANd9GcTWixVH9j-2c4iiSFGMfdcXTYgjRAen_bfbm-CPlwxBev7ShJCe&usqp=CAU,Pandesal
https://encrypted-tbn0.gstatic.com/images?q=tbn%3AANd9GcQQDe8xTRwNzo2f3M3w-24jDfN45PqF9UfRvqRVhxNhbRdU8HGA&usqp=CAU,Pandesal
https://encrypted-tbn0.gstatic.com/images?q=tbn%3AANd9GcS2PWAZ9zxoqJSgntINaDPnsTrujulrAC88U8k9GZRrV1bsRihF&usqp=CAU,Pandesal
https://encrypted-tbn0.gstatic.com/images?q=tbn%3AANd9GcQv-Q0ucB9dkkzpWaRUh9eqoceE_f5lWL8zNiAK6dJQo5tSrhAj&usqp=CAU,Pandesal
https://encrypted-tbn0.gstatic.com/images?q=tbn%3AANd9GcQU81OfgwaaLk14mHwL1rpEcrWnrfBV55XTrYWjEH1H-Vlcbgb1&usqp=CAU,Pandesal
https://encrypted-tbn0.gstatic.com/images?q=tbn%3AANd9GcR-_AofeS0ntqHAJiv9niYQV7qwM2BF9Y4WSrFrQmm_vKV9Z_rA&usqp=CAU,Pandesal
https://encrypted-tbn0.gstatic.com/images?q=tbn%3AANd9GcSkJfPxucQ3xcGF7b_IxU71DLghTwowaGUpHgcgE69PYWBOzJlh&usqp=CAU,Pandesal
https://encrypted-tbn0.gstatic.com/images?q=tbn%3AANd9GcQ3MXqwyu20Es0gzKcB8MSsRvGVr5Xpp0N25PbgVMgPVPU12IAN&usqp=CAU,Pandesal
https://encrypted-tbn0.gstatic.com/images?q=tbn%3AANd9GcQcH0TmKxDpVLJIwq3-vNR1nUFb32uPnMTPd4M9edyyU1M8Ibmg&usqp=CAU,Pandesal
https://encrypted-tbn0.gstatic.com/images?q=tbn%3AANd9GcROGrGpXkJWqhsxAHGR2zpasFzzRQFSE0YVP7sBM0zpc8BJhSyv&usqp=CAU,Pandesal
https://encrypted-tbn0.gstatic.com/images?q=tbn%3AANd9GcQKvvVBoI3VsWyGhAlC7DtLIjc6vhWj0mS-tX9EO32SJ8sq2heD&usqp=CAU,Pandesal
https://encrypted-tbn0.gstatic.com/images?q=tbn%3AANd9GcRj6YQodvAYpI6FSO9j-Rrj9ycyrwnPUtwcGYaTWZ2UvIlapQY_&usqp=CAU,Pandesal
https://encrypted-tbn0.gstatic.com/images?q=tbn%3AANd9GcRga6LuH6NBRG_MLuC3Njh-bHmoGpFpx1O0R7JGsu1KzP2n-yc-&usqp=CAU,Pandesal
https://encrypted-tbn0.gstatic.com/images?q=tbn%3AANd9GcTclZJREMbmNZx8WYhDgXk2XtwMOHSPgOMOXbkK5nB5dIUx5b4Q&usqp=CAU,Pandesal
https://encrypted-tbn0.gstatic.com/images?q=tbn%3AANd9GcSSmijMpIWpjXnPPr_zqifajHKbsNpDuLapOQCMrwxJTz593Zfo&usqp=CAU,Pandesal
https://encrypted-tbn0.gstatic.com/images?q=tbn%3AANd9GcQJVrRQqLgl85sZBsr2cfd0H0pnpAd46vNZcdb_DLzUzAxpubBG&usqp=CAU,Pandesal
https://encrypted-tbn0.gstatic.com/images?q=tbn%3AANd9GcQMrHykx5TYIOcJ3j9dkb4z7q0EicvchCU_anwKZ7jOiH9bsyk-&usqp=CAU,Pandesal
https://encrypted-tbn0.gstatic.com/images?q=tbn%3AANd9GcRmxMCJsbdJGj28hs27QerZqM-Hk5UfJEqctrfM9QMV0gQgP7Jg&usqp=CAU,Pandesal
https://encrypted-tbn0.gstatic.com/images?q=tbn%3AANd9GcT8DbtIxLdcBP1tdxM8_hBuRHPa1mnnPn69hJVf02g4x8OL30Rt&usqp=CAU,Pandesal
https://encrypted-tbn0.gstatic.com/images?q=tbn%3AANd9GcSDnAVhAcMLqMRDfFMW9KT3vhmw32hJwXnMFIY1SKFPbGUAcJfp&usqp=CAU,Pandesal
https://encrypted-tbn0.gstatic.com/images?q=tbn%3AANd9GcQAJ5Hn9gJO9_KQQ70bIKBVJZ4Rzx0_4qnbUZ-oipfw1Re4Jkr_&usqp=CAU,Pandesal
https://encrypted-tbn0.gstatic.com/images?q=tbn%3AANd9GcRYIxt0CyHw824fb6azOSxFZwPhXdhGWlbbkB56VGeu4DaY3ppO&usqp=CAU,Pandesal
https://encrypted-tbn0.gstatic.com/images?q=tbn%3AANd9GcQX-9KoltaPkcpHbVMttO0P4E0XCi_5YnXejhsGCJ3-FwphSp9s&usqp=CAU,Pandesal
https://encrypted-tbn0.gstatic.com/images?q=tbn%3AANd9GcQ1xJ6AlV0cCcByIz4qBHzM8yPIFi0SDVfmiRc64746ZZZbMOAa&usqp=CAU,Pandesal
https://encrypted-tbn0.gstatic.com/images?q=tbn%3AANd9GcTK11p5PRshRdg1_zYPwRyag89FuGKBdliJNB32gAVP5KxCn2tJ&usqp=CAU,Pandesal
https://encrypted-tbn0.gstatic.com/images?q=tbn%3AANd9GcRQ5s3BC2O9uwFu9ol0Os6hibBl3-P1_TBosbDeVanTCvz8uOBi&usqp=CAU,Pandesal
https://encrypted-tbn0.gstatic.com/images?q=tbn%3AANd9GcRoy115EG0OTR1aotp0Rn5s2axCm4143n38soM2HSUdWk6yuadm&usqp=CAU,Pandesal
https://encrypted-tbn0.gstatic.com/images?q=tbn%3AANd9GcRQMuU_AKoHv-xMSeSRyzx4Pb3b-xVZdgyXFuFhOuCHrKxcU_c9&usqp=CAU,Pandesal
https://encrypted-tbn0.gstatic.com/images?q=tbn%3AANd9GcSZ-fY3YaxH-Tf2czuPWn4J5w6K45NitJKOooY0YmMtQ1AhFj2o&usqp=CAU,Pandesal
https://encrypted-tbn0.gstatic.com/images?q=tbn%3AANd9GcTpILDdWS8uJGzCtWrFQAwkFGY3hMGOT_R6xrpSNPqH-Rnlj43Z&usqp=CAU,Pandesal
https://encrypted-tbn0.gstatic.com/images?q=tbn%3AANd9GcR0GcYD-mldh-j7jecF40bc0eKbuaaMwc8EWMhGAvqg2HPXDzUc&usqp=CAU,Pandesal
https://encrypted-tbn0.gstatic.com/images?q=tbn%3AANd9GcRSfI98dF4qhAQBaDPq7o-83kF6a4c0_hR0VpGaReSKherRTdZN&usqp=CAU,Pandesal
https://encrypted-tbn0.gstatic.com/images?q=tbn%3AANd9GcRjVFy1MvxpnKk_hNGOqMm1piNUap1AJVwoSXj1nuBglYADBApd&usqp=CAU,Pandesal
https://encrypted-tbn0.gstatic.com/images?q=tbn%3AANd9GcSlSQ3tAenPOI7uogXzgJaVQhRV-r_kl9QF8kwZ2gCRJcKAffk9&usqp=CAU,Pandesal
https://encrypted-tbn0.gstatic.com/images?q=tbn%3AANd9GcRcJXCSaqRTY2jyFJ7e0iETHxmw5n933-ZWG7qpgrUB_B2LeXIC&usqp=CAU,Pandesal
https://encrypted-tbn0.gstatic.com/images?q=tbn%3AANd9GcS8d-MjdWnWxPzSF-gwgQzZGbtXKB4Xa0T8YLcc4cFaFwQMEob6&usqp=CAU,Pandesal
https://encrypted-tbn0.gstatic.com/images?q=tbn%3AANd9GcQBiYm5KYxnkUoTZlqL1iXQi8Bz_Np3Zmgh7bQl5_XcyTMenjBr&usqp=CAU,Pandesal
https://encrypted-tbn0.gstatic.com/images?q=tbn%3AANd9GcQMk_-0Qzqb37uADxNBSm92SbiTwEp_5x8C1wJDsg1S7OoBUSUH&usqp=CAU,Pandesal
https://encrypted-tbn0.gstatic.com/images?q=tbn%3AANd9GcQCm6G6pUSorO_Yxz_Dzr7-KtwxIkJvJenmivvTzWlSodgWcWYB&usqp=CAU,Pandesal
https://encrypted-tbn0.gstatic.com/images?q=tbn%3AANd9GcSiJxUoKdtpHr-mVvWd009au20-P70-lRAZpAFBU8pfB83TslUN&usqp=CAU,Pandesal
https://encrypted-tbn0.gstatic.com/images?q=tbn%3AANd9GcQ96Vu4tQZBG7GkmtJYdXXIXF0UMA-kaBQBAuxs21w0CvV6FwD5&usqp=CAU,Pandesal
https://encrypted-tbn0.gstatic.com/images?q=tbn%3AANd9GcSIFIr1_BEEddTUsbRIyVHvee7T2tp6qorp7JHSt4BV1YrGNtn0&usqp=CAU,Pandesal
https://encrypted-tbn0.gstatic.com/images?q=tbn%3AANd9GcTrD27vCDkZkJLzXeWusZHyenfkb9BZAjS7xE3aQGru97gQsDCa&usqp=CAU,Pandesal
https://encrypted-tbn0.gstatic.com/images?q=tbn%3AANd9GcTavJyP65Cp6C6_wdv8gKKVgVXF86jy7G8JVTekZiivgujmpS8z&usqp=CAU,Pandesal
https://encrypted-tbn0.gstatic.com/images?q=tbn%3AANd9GcQ3dwb3JxB0Q85zi0wqQcmFm7C4snwXmQI-0xXRB817OGKwkZll&usqp=CAU,Pandesal
https://encrypted-tbn0.gstatic.com/images?q=tbn%3AANd9GcTwQp4g-B-KtOE1VAup8_Mq8E0ZNRu0aJb1p-sG9xvNN4F6uAZ6&usqp=CAU,Pandesal
https://encrypted-tbn0.gstatic.com/images?q=tbn%3AANd9GcT-inGRJKmLXaC66z8BvhyUN6XXJse_pEOM9n0TPbbMS75oLBCc&usqp=CAU,Pandesal
https://encrypted-tbn0.gstatic.com/images?q=tbn%3AANd9GcTiESG_h5C6zuBxK0GVfEwUoLrCswpbYcdae0cP70h2Ddj2jSUb&usqp=CAU,Pandesal
https://encrypted-tbn0.gstatic.com/images?q=tbn%3AANd9GcR_cAEMxdg7SGN7phKkdYG3Mr7fC4voxiUmjO09K9ihBIFxUmxZ&usqp=CAU,Pandesal
https://encrypted-tbn0.gstatic.com/images?q=tbn%3AANd9GcRWFQFrOtJBiwRkTDvXv_0NdyisnBLjlv0rsQCRmeBY6RWnYEVv&usqp=CAU,Pandesal
https://encrypted-tbn0.gstatic.com/images?q=tbn%3AANd9GcRbdlFDdZ6-MbLgzITgVNbfwx2OOw4vMfEI1lX7swQ1Yvf7QpZS&usqp=CAU,Pandesal
https://encrypted-tbn0.gstatic.com/images?q=tbn%3AANd9GcSY-SXtKlCX93GtKfYfGGrHTBCacV5tjrya67Q-lUYdfZ9qpT07&usqp=CAU,Pandesal
https://encrypted-tbn0.gstatic.com/images?q=tbn%3AANd9GcQVRI9_VTzCTfhlwu_952B7aT9T5AElG1lql6ha98tfXiWe9-qw&usqp=CAU,Pandesal
https://encrypted-tbn0.gstatic.com/images?q=tbn%3AANd9GcQude-ZuNC9UOfTcZqudVxI6SVj-NpgDgmMogIFRObgA2cYbv1Z&usqp=CAU,Pandesal
https://encrypted-tbn0.gstatic.com/images?q=tbn%3AANd9GcR96kiAqlhVPNHSroavGx_dR13f2E0rJ2CVjgARX1X-5bLiTAiP&usqp=CAU,Pandesal
https://encrypted-tbn0.gstatic.com/images?q=tbn%3AANd9GcRcIjmTq3nh1pa21Srv2dPquRD2l5FkQTlXfOhoYWDF21ORO9U_&usqp=CAU,Pandesal
https://encrypted-tbn0.gstatic.com/images?q=tbn%3AANd9GcSap8Rl75ETZoJRd234bk0nxBSEc7BGShcol5gEexhgPpSnODSD&usqp=CAU,Pandesal
https://encrypted-tbn0.gstatic.com/images?q=tbn%3AANd9GcRXHx_OV9vhxLKe9HAfSb9ZnBBvWpJEmk9A7NtTV9H5XQoRLsM9&usqp=CAU,Pandesal
https://encrypted-tbn0.gstatic.com/images?q=tbn%3AANd9GcQOH7t9pGLA1sUrL9oVan_-9JzIFeTT20kxMC9GQsNraCyhJdgW&usqp=CAU,Pandesal
https://encrypted-tbn0.gstatic.com/images?q=tbn%3AANd9GcTUK03wmpWByMfcfCM8Qz1r6pVcg8o8OwCiZyGuxTZKYT8ZMf_W&usqp=CAU,Pandesal
https://encrypted-tbn0.gstatic.com/images?q=tbn%3AANd9GcQITVkHaM1yvauZgOZVnQjjWxe7cXqoaLdeBsGomcdnG2NG4tCV&usqp=CAU,Pandesal
https://encrypted-tbn0.gstatic.com/images?q=tbn%3AANd9GcSN6LwtJxFGo3XeXpFBX-3hMzb86h6dZIykoHKzk-FOf_KEFSse&usqp=CAU,Pandesal
https://encrypted-tbn0.gstatic.com/images?q=tbn%3AANd9GcTPQKcivkvHMMMAl4R3RYWPkl2fNjfZMXELYr6Kqp6-fSiHEjoq&usqp=CAU,Pandesal
https://encrypted-tbn0.gstatic.com/images?q=tbn%3AANd9GcROFnjw9J5Fe-cyD0XIKKWGkya0n9yHn_PaUEzb6AtyqTaitqOQ&usqp=CAU,Pandesal
https://encrypted-tbn0.gstatic.com/images?q=tbn%3AANd9GcRiE_fMmYxvvV_So-KsBdOspcd_QeqMKrBrLlVNN2Q1ZZRRAwIz&usqp=CAU,Pandesal
https://encrypted-tbn0.gstatic.com/images?q=tbn%3AANd9GcTZxmViQiJheCNg33ta-o2wEoUo_LdY7luCNqiwelld3DSDEroy&usqp=CAU,Pandesal
https://encrypted-tbn0.gstatic.com/images?q=tbn%3AANd9GcQKFMT6Nl9fivIR4Bfa4b7mh07634pWw2KcS_KPiRkWS4Dx1lAf&usqp=CAU,Pandesal
https://encrypted-tbn0.gstatic.com/images?q=tbn%3AANd9GcQHqSl9F8z5fyNwV0v3PnPHVrFy71c91eWr7OJNCI-8siHJG-nb&usqp=CAU,Pandesal
https://encrypted-tbn0.gstatic.com/images?q=tbn%3AANd9GcRGbYXFQY7LY0HPexWr-GfSjsfhY6T-_FyfjVGtXOxVR272EYIM&usqp=CAU,Pandesal
https://encrypted-tbn0.gstatic.com/images?q=tbn%3AANd9GcRiqdKYqSsFeHn6kZLWdzfO46cz8Nm5BfLwt3V05Kq3lovWUoRF&usqp=CAU,Pandesal
https://encrypted-tbn0.gstatic.com/images?q=tbn%3AANd9GcTmBoWLR9xpYn22IS3t8CkzIrI_HS4XHPaR_CCOs7ucuiacB3ZQ&usqp=CAU,Pandesal
https://encrypted-tbn0.gstatic.com/images?q=tbn%3AANd9GcQsrMbuFmMkyBAdEWqoQ8itWT47kBZ0PMcZqQfzk6uRmet_IC9N&usqp=CAU,Pandesal
https://encrypted-tbn0.gstatic.com/images?q=tbn%3AANd9GcQApr4s-yq6r6oSI5riP5yTZW2GA88NrlbhGAPLWnV2v70WBnpl&usqp=CAU,Pandesal
https://encrypted-tbn0.gstatic.com/images?q=tbn%3AANd9GcTAE5rkYNJMn7iR58q_v-L_BoUb6m7kVNBtZorF9Zyp_x6_1WI3&usqp=CAU,Pandesal
https://encrypted-tbn0.gstatic.com/images?q=tbn%3AANd9GcTPXSATol4EmmKx6WKhxQxGkHKZlwcMj2VIPMey_OJdtoksAHdi&usqp=CAU,Pandesal
https://encrypted-tbn0.gstatic.com/images?q=tbn%3AANd9GcQw90GOg3_MoNRU5sIJ23-jqPAJGf66cSLP7SiUemgmyShC5WRT&usqp=CAU,Pandesal
https://encrypted-tbn0.gstatic.com/images?q=tbn%3AANd9GcQ8GFmbJcb_aY6mMrvKRhq-mTXbZ-bVxVLLX_zAwc5r5wINrR4j&usqp=CAU,Pandesal
https://encrypted-tbn0.gstatic.com/images?q=tbn%3AANd9GcSedY98DtAjXF-0YrO_-E9r-5t2pns3JoMLMidAG7TlYefyBe2v&usqp=CAU,Pandesal
https://encrypted-tbn0.gstatic.com/images?q=tbn%3AANd9GcTBbodVj27ZY6Nrxsuead3r_8HA8z2-nppsmmN3Fkz2SZcZ-CMM&usqp=CAU,Pandesal
https://encrypted-tbn0.gstatic.com/images?q=tbn%3AANd9GcT7feTUKIKaoSFaeJZZltOkT-EEZfo77VML9j0hXuc7TtzfguAv&usqp=CAU,Pandesal
https://encrypted-tbn0.gstatic.com/images?q=tbn%3AANd9GcT0WlVXQIauHX3YJMx6ah-h7kSOS7YYPYwq65oQY_DIyUeKd1g3&usqp=CAU,Pandesal
