https://encrypted-tbn0.gstatic.com/images?q=tbn%3AANd9GcSNFPd0m9TmHWZXII9lps26bsaZaHTv7dztw9JKnvwRC9k9io6P&usqp=CAU,Pork Sisig
https://encrypted-tbn0.gstatic.com/images?q=tbn%3AANd9GcR9_cScBHshDYorRx4y08rg26s1RhGez3jjdnGXbvVr6gpmGUJS&usqp=CAU,Pork Sisig
https://encrypted-tbn0.gstatic.com/images?q=tbn%3AANd9GcQ8D1AtjgG1Jt04FpxpBT2UDJ5VnRQM19A7P4jFaw2JRtxhG83z&usqp=CAU,Pork Sisig
https://encrypted-tbn0.gstatic.com/images?q=tbn%3AANd9GcSHLESWJRubmOly0E3eNFXrqaFZFhWdQIZZpqaw_RP4uuA75ldP&usqp=CAU,Pork Sisig
https://encrypted-tbn0.gstatic.com/images?q=tbn%3AANd9GcQ5HuUgazjLtuucobvez-01XouURQUpR05Ney4zq7SysnpYVFlQ&usqp=CAU,Pork Sisig
https://encrypted-tbn0.gstatic.com/images?q=tbn%3AANd9GcTPAmPzx3Ipq4JBLHU1BgDbLfbXhV7CHEN2GNVfbHyoHmf5uBsH&usqp=CAU,Pork Sisig
https://encrypted-tbn0.gstatic.com/images?q=tbn%3AANd9GcTYTWdjTCS9KO7ok0eZ2iV_wMfPuu_lhPYTADvJZROO3DsbhUuS&usqp=CAU,Pork Sisig
https://encrypted-tbn0.gstatic.com/images?q=tbn%3AANd9GcRUyvij99kgDWP9sHpLRBlYnoAQptfexA3pxzvgRolRwQ3eadOB&usqp=CAU,Pork Sisig
https://encrypted-tbn0.gstatic.com/images?q=tbn%3AANd9GcRXSN806HuuecwYX9XVv-xBtpb2uYDrTNF0pZLsjKllHFqpA39n&usqp=CAU,Pork Sisig
https://encrypted-tbn0.gstatic.com/images?q=tbn%3AANd9GcQBCSz3dtnwMIhX6-9AYI2xCU4J2oomU5wXobEKpYmWDS6GrCmv&usqp=CAU,Pork Sisig
https://encrypted-tbn0.gstatic.com/images?q=tbn%3AANd9GcSzZQRD2U9j4BOSpP0nWwXQhGZDaRNy07PI0wtSqk8qDhfAnJ_5&usqp=CAU,Pork Sisig
https://encrypted-tbn0.gstatic.com/images?q=tbn%3AANd9GcS8MNxnVRomFhmUs8qH2FdIGqWXbtOf8OM_63Z6WBexJE1CvFgG&usqp=CAU,Pork Sisig
https://encrypted-tbn0.gstatic.com/images?q=tbn%3AANd9GcSpmr6KQmbVPuqfHv8Rt1u73jGJ0zIWJCzH6_dq1mxyHKtHWJbB&usqp=CAU,Pork Sisig
https://encrypted-tbn0.gstatic.com/images?q=tbn%3AANd9GcQmqprf6O0CWAgUEUP4X_sJ7PkyxRJ4DLLyvH_mw1rJtXJ77lnh&usqp=CAU,Pork Sisig
https://encrypted-tbn0.gstatic.com/images?q=tbn%3AANd9GcT04hiN49KNJxKmChON4PhOp8jtEhKijSplnXFKsBFpR6DJ8aZ-&usqp=CAU,Pork Sisig
https://encrypted-tbn0.gstatic.com/images?q=tbn%3AANd9GcSS2MUtr1CuWBQfRiiVu000EF5lwNWBOnE1mgj5hYnjQJW7takt&usqp=CAU,Pork Sisig
https://encrypted-tbn0.gstatic.com/images?q=tbn%3AANd9GcR3TIE4VPcHoo2tdT09khlaYs75iMwO0iI6kTMT_nDffHy1R4B4&usqp=CAU,Pork Sisig
https://encrypted-tbn0.gstatic.com/images?q=tbn%3AANd9GcThIoqTdP0rYKAMlVZSKr-nBM-U-GMB8O1T3QT-Pb3cuBKFx5JB&usqp=CAU,Pork Sisig
https://encrypted-tbn0.gstatic.com/images?q=tbn%3AANd9GcTGpnDOgKksgz-4OqvV9X0AEvrWd9LO1T_4nk0OnDyw-5aHDoFF&usqp=CAU,Pork Sisig
https://encrypted-tbn0.gstatic.com/images?q=tbn%3AANd9GcTH1b_RD_zudywArQe5wMinv7Y6fCfEXGHzf-95PWTa9T3chJiH&usqp=CAU,Pork Sisig
https://encrypted-tbn0.gstatic.com/images?q=tbn%3AANd9GcQH0RoNNytR-w08ectZZ4QGWyXPZ4yUV4TyjcS22izmp4mSrO5L&usqp=CAU,Pork Sisig
https://encrypted-tbn0.gstatic.com/images?q=tbn%3AANd9GcQAZkccOM3wQ-ddoYYB-bSmIwCfdx38wSQzGfJMWee8E2nfOOpx&usqp=CAU,Pork Sisig
https://encrypted-tbn0.gstatic.com/images?q=tbn%3AANd9GcQwPDymm9nBdedt0t6G2J_-ZnM9JQThaQXCXNeW3atQvRxx_qB5&usqp=CAU,Pork Sisig
https://encrypted-tbn0.gstatic.com/images?q=tbn%3AANd9GcT4o7quEdV-9HtmnBpvkWNfgEeO1fRGF5mE_6NeA8q0rC24RZqu&usqp=CAU,Pork Sisig
https://encrypted-tbn0.gstatic.com/images?q=tbn%3AANd9GcSfAk8jOqzMtLIudtFGQCQRYompfrbdGDtci6uopnhhizOR0mrE&usqp=CAU,Pork Sisig
https://encrypted-tbn0.gstatic.com/images?q=tbn%3AANd9GcQPZIVhSc9j5LK49VenWxF_OfWDdVzvFdhckgH8YIyOtZ2yAMvx&usqp=CAU,Pork Sisig
https://encrypted-tbn0.gstatic.com/images?q=tbn%3AANd9GcQG2dY9pcJVYeLqVkevCLrLZlCF19WgWpU-96SjS5WACGgYClJ4&usqp=CAU,Pork Sisig
https://encrypted-tbn0.gstatic.com/images?q=tbn%3AANd9GcTmy1-PISD_mojIifVRcmj6JqFtDUoAaNLl-0bHKlfkMeiF_23l&usqp=CAU,Pork Sisig
https://encrypted-tbn0.gstatic.com/images?q=tbn%3AANd9GcTElzPsn-BzF0TalT5jg733-J6OQxz8hgEFAnBPNVZI-09zjm3q&usqp=CAU,Pork Sisig
https://encrypted-tbn0.gstatic.com/images?q=tbn%3AANd9GcRJ469zmMFoBH1vhh6tbyTBHejy_1PJQsSG1y6yPwWFB8_HW16r&usqp=CAU,Pork Sisig
https://encrypted-tbn0.gstatic.com/images?q=tbn%3AANd9GcTgM3u72gkS4vPWtNzqGQl9GSm2kYDQAMP28dchtsujkM4L0-O7&usqp=CAU,Pork Sisig
https://encrypted-tbn0.gstatic.com/images?q=tbn%3AANd9GcRtXL5iD23MKdP9eqvOo8yY009xDxgfSN8v9Ltmp4yZMU67MwVV&usqp=CAU,Pork Sisig
https://encrypted-tbn0.gstatic.com/images?q=tbn%3AANd9GcSF9wl-D26hSei6HRDajvbgpSirEnlP7uuJlwL3u8o6urGNOUTU&usqp=CAU,Pork Sisig
https://encrypted-tbn0.gstatic.com/images?q=tbn%3AANd9GcRqwKke3boH16UUrGszdEUnQFUf4rNd54TvUxBX7_o_8qIeECaI&usqp=CAU,Pork Sisig
https://encrypted-tbn0.gstatic.com/images?q=tbn%3AANd9GcREOnEc1knDb10_Zbd6ttzUCdbu4Tl2KxXKHq7QncvhL5F5X4I1&usqp=CAU,Pork Sisig
https://encrypted-tbn0.gstatic.com/images?q=tbn%3AANd9GcRRR591OjrBFEafeNlSAb5I2md48SEl5vDxRjbxoYM-eBRBqrD1&usqp=CAU,Pork Sisig
https://encrypted-tbn0.gstatic.com/images?q=tbn%3AANd9GcScDnbHuFB37NmDv4xjgD6ZxQc1fqUrufKRcKM7-Ru17Ys5VKzk&usqp=CAU,Pork Sisig
https://encrypted-tbn0.gstatic.com/images?q=tbn%3AANd9GcSnJ2CeWQ5lWeJDin2uhXu_j-gYWOQvBeyoUYSVruUC9Dc7bYcU&usqp=CAU,Pork Sisig
https://encrypted-tbn0.gstatic.com/images?q=tbn%3AANd9GcQjIy31nc468zFMK_-NJocsIX4bmTmiGhej4JEodaFFkDIzmNff&usqp=CAU,Pork Sisig
https://encrypted-tbn0.gstatic.com/images?q=tbn%3AANd9GcQbWImnBA0FFjmOC8rYzOju9ZtMRxmxUEd1JBtWgU_XBJW48-w7&usqp=CAU,Pork Sisig
https://encrypted-tbn0.gstatic.com/images?q=tbn%3AANd9GcSlHePnEGOH7fkMcSPZQNu-A_80uZuav9gKdnkHwOJ5gaogDzJP&usqp=CAU,Pork Sisig
https://encrypted-tbn0.gstatic.com/images?q=tbn%3AANd9GcQhHoecSyZScIGjsWhmdtw-kDd2Q5PMzAB2qZkUZQtaPghMi1Kb&usqp=CAU,Pork Sisig
https://encrypted-tbn0.gstatic.com/images?q=tbn%3AANd9GcQfgSImSBnK_-aFhH36fWMMr3MuXcnLwEUeTkGEMelZRiUBkVrV&usqp=CAU,Pork Sisig
https://encrypted-tbn0.gstatic.com/images?q=tbn%3AANd9GcQkXuasaWi6GpFYcqhXAJyHATBMMws97Mt_088TnTCLfDcwC08a&usqp=CAU,Pork Sisig
https://encrypted-tbn0.gstatic.com/images?q=tbn%3AANd9GcRLxxhvfDliVk-nQ8cE5x7dt9Hj5Ltn79rBICRF8oS2VEnRhzqu&usqp=CAU,Pork Sisig
https://encrypted-tbn0.gstatic.com/images?q=tbn%3AANd9GcSt65XtTbzYhtoKtfu1J7XryR8WIvTKVdkf03e0zbkXQPwBqJfn&usqp=CAU,Pork Sisig
https://encrypted-tbn0.gstatic.com/images?q=tbn%3AANd9GcQoBb0X6UbZSKPRbyrlyQsXsVSxFarW0TBy8F0B89iZpihiktYx&usqp=CAU,Pork Sisig
https://encrypted-tbn0.gstatic.com/images?q=tbn%3AANd9GcQN5LoyVoNEfIlnV0N9PPWIJ8hmTwIrCp-k2fodS74mCP9LcGHP&usqp=CAU,Pork Sisig
https://encrypted-tbn0.gstatic.com/images?q=tbn%3AANd9GcQHZVOlMbQVGnFvXxmqyoulzCs8doHh6EmbsbfV2IegEgH8tZoP&usqp=CAU,Pork Sisig
https://encrypted-tbn0.gstatic.com/images?q=tbn%3AANd9GcSOu4KM6LgBv65zRJECZ1EXz3p0KOyJQDq00LgO9nxNwZgBMFBN&usqp=CAU,Pork Sisig
https://encrypted-tbn0.gstatic.com/images?q=tbn%3AANd9GcTAn5qM6YqlEKDtwyy70t4zOYiqrfoCpUgl2IvAyp-o-lzjciCX&usqp=CAU,Pork Sisig
https://encrypted-tbn0.gstatic.com/images?q=tbn%3AANd9GcQE7nmdfXURoYxq2T5DT7eZOdw_tKcz4vpgVd-qyUUpvaQOadeU&usqp=CAU,Pork Sisig
https://encrypted-tbn0.gstatic.com/images?q=tbn%3AANd9GcSzmCDtVl87dx0Qd3R3qH96HO5NcjBP6IeT3e65nLzmFNj6uKvJ&usqp=CAU,Pork Sisig
https://encrypted-tbn0.gstatic.com/images?q=tbn%3AANd9GcSv78ZpEliumK0zNl9Nm8DV3BqMARwA-frJxrAZ_4V1amxc1HBu&usqp=CAU,Pork Sisig
https://encrypted-tbn0.gstatic.com/images?q=tbn%3AANd9GcROdAcqxI2FvR6CQFpFkIPEEkrjXW503WzlyJw0L6T4YJ907gJ_&usqp=CAU,Pork Sisig
https://encrypted-tbn0.gstatic.com/images?q=tbn%3AANd9GcSE4BJp6mslG_qylQmitp1Jpjqhoxw6elfuDYfxBUA38G4rZOXe&usqp=CAU,Pork Sisig
https://encrypted-tbn0.gstatic.com/images?q=tbn%3AANd9GcQC4UsT9s0HsTjbUbNIHCjSQGkUl6ZRanywPW-baYZeo8L6AHjt&usqp=CAU,Pork Sisig
https://encrypted-tbn0.gstatic.com/images?q=tbn%3AANd9GcTiuW1q3Qj0Y1SvxBEoYxZzZ8TGLpstJbbBfbkgqGxym2tbmvbA&usqp=CAU,Pork Sisig
https://encrypted-tbn0.gstatic.com/images?q=tbn%3AANd9GcSEiohXlpkQ9vzJ9Gh1s1pFMUaunRhChSZEeb80iy86NvpKjgfA&usqp=CAU,Pork Sisig
https://encrypted-tbn0.gstatic.com/images?q=tbn%3AANd9GcT1yBByCWryOPsWmfIX9nz6snWdpugx9fIZPDLAoslFIeJe8vj0&usqp=CAU,Pork Sisig
https://encrypted-tbn0.gstatic.com/images?q=tbn%3AANd9GcSPoGznEKKa3LQdvXZ3s6bmvnEnOhrEhunyl79uvhw1qKOLfM7Q&usqp=CAU,Pork Sisig
https://encrypted-tbn0.gstatic.com/images?q=tbn%3AANd9GcS41Jx1Js3yQPSvAw_XzKezK21KESU5WkDYDDTlkvO3JP5D_WTl&usqp=CAU,Pork Sisig
https://encrypted-tbn0.gstatic.com/images?q=tbn%3AANd9GcSZkx-vY0nZjVtinOdnj9HDQ6sDkjUD2Ekz8FgIFCjZ64kCqnMr&usqp=CAU,Pork Sisig
https://encrypted-tbn0.gstatic.com/images?q=tbn%3AANd9GcQ3p_qEAColYa8LDcYNMNWqJtO0A91i_hOBXptRPMVuBoisHTEK&usqp=CAU,Pork Sisig
https://encrypted-tbn0.gstatic.com/images?q=tbn%3AANd9GcTX1TzeZ72VfCw91gkESsM1h6SGlcfE3tC0bLoxgwFIwZQnDAF3&usqp=CAU,Pork Sisig
https://encrypted-tbn0.gstatic.com/images?q=tbn%3AANd9GcSaKPfcMrteBwMoLa1FlylxOn8irRBJBsFDH2W0_M5FaYuBzyol&usqp=CAU,Pork Sisig
https://encrypted-tbn0.gstatic.com/images?q=tbn%3AANd9GcQsw-3hQ8z9SKUloEz_pHJrX_0Uo-2ZVGwFillaBCKAUxOcewH3&usqp=CAU,Pork Sisig
https://encrypted-tbn0.gstatic.com/images?q=tbn%3AANd9GcT3Cff5W8dzceeDc07V-CMYbtMjxqvvz8MycOAcNdUl1uMZ2BVR&usqp=CAU,Pork Sisig
https://encrypted-tbn0.gstatic.com/images?q=tbn%3AANd9GcQHdgMeNOuaF1-aAEW1fid4F20FFYdBY3NUTYQmfPVD6qrDlrBz&usqp=CAU,Pork Sisig
https://encrypted-tbn0.gstatic.com/images?q=tbn%3AANd9GcSbnpO0EGHrBV5zhlT0xvtqqdPlBkvC6SZGNYoHIMgHhSaV4jiJ&usqp=CAU,Pork Sisig
https://encrypted-tbn0.gstatic.com/images?q=tbn%3AANd9GcR8Qsv9wCYN8h57rzPVJG66NZVqwQR0BRQABqIfbxUY3HuTkddj&usqp=CAU,Pork Sisig
https://encrypted-tbn0.gstatic.com/images?q=tbn%3AANd9GcR1UqSfiyyScDM4mODfSsxehAYhg7RCacy31bHbJAsgB_oSm27p&usqp=CAU,Pork Sisig
https://encrypted-tbn0.gstatic.com/images?q=tbn%3AANd9GcTYYN-aveL_I80ZzwrHXxeAoKZyIhvXxCs_C_zO_eHgPvjWT6Am&usqp=CAU,Pork Sisig
https://encrypted-tbn0.gstatic.com/images?q=tbn%3AANd9GcTWQCjRojHQXDy-5lKMUSjbONzzZ3MfdcyhxaXK98yahSXg5HJ4&usqp=CAU,Pork Sisig
https://encrypted-tbn0.gstatic.com/images?q=tbn%3AANd9GcTmYJsQxYUDhKhE_fvFqWgICPyfzIZQQ_kmzOzm3VEa1DdEqjPT&usqp=CAU,Pork Sisig
https://encrypted-tbn0.gstatic.com/images?q=tbn%3AANd9GcTridyOL_dJ3CnVtolbMjv5-ZjqIQ_3yNRTEtb9kOaUzjQCCRV9&usqp=CAU,Pork Sisig
https://encrypted-tbn0.gstatic.com/images?q=tbn%3AANd9GcSCssZeL_ijGqfc0Ht1RBrPgUyR3xN123gsgJhTEWLAlzS-4Uja&usqp=CAU,Pork Sisig
https://encrypted-tbn0.gstatic.com/images?q=tbn%3AANd9GcThn0RqTp0oAe5EOkDyH_a3Rkxva4NDbPaLHaAoCru8ckoGV_qL&usqp=CAU,Pork Sisig
https://encrypted-tbn0.gstatic.com/images?q=tbn%3AANd9GcRQHLfslFpF5kY5YHKGhFA3SXHpgVlkO5x0tP14100sS7u6k5QC&usqp=CAU,Pork Sisig
https://encrypted-tbn0.gstatic.com/images?q=tbn%3AANd9GcTzwVEBcebPtTF9fqOAaj0hEEcgSGULnIslRHFV2d5ixsGAKG9D&usqp=CAU,Pork Sisig
