https://encrypted-tbn0.gstatic.com/images?q=tbn%3AANd9GcQeLZXeHwup8oMwwwQFEbmG0BrhdXkuh9yP_Y050d-QfKRmx2S5&usqp=CAU,Pork Adobo
https://encrypted-tbn0.gstatic.com/images?q=tbn%3AANd9GcRu6sKENrwew5AcRl0eClGv8WFlYhYaPxEtm1O8Fn4cTHRn02TE&usqp=CAU,Pork Adobo
https://encrypted-tbn0.gstatic.com/images?q=tbn%3AANd9GcRnvBrV669kzbXfJAQOlLJ3Pio1k7K0MIyutOibKbvzyAmujkZ9&usqp=CAU,Pork Adobo
https://encrypted-tbn0.gstatic.com/images?q=tbn%3AANd9GcSUiiHVvQoq1EIsUT_BTFQfC9g0rRXBcoTPrS3xezBUQn-G1V3T&usqp=CAU,Pork Adobo
https://encrypted-tbn0.gstatic.com/images?q=tbn%3AANd9GcTcSp1SB04lat467tdX1aIxaYISOAy05dZNzVgtM4BZm0y9hObS&usqp=CAU,Pork Adobo
https://encrypted-tbn0.gstatic.com/images?q=tbn%3AANd9GcS1GXKgjkg7UJmfxCANOLUjBFlFXWY7gFNWjoQUg5F3l1Yw2Dj9&usqp=CAU,Pork Adobo
https://encrypted-tbn0.gstatic.com/images?q=tbn%3AANd9GcRxhF-npEeSh2RWfDrKVU3wIS42p2tbMl6vgrq63digb865P797&usqp=CAU,Pork Adobo
https://encrypted-tbn0.gstatic.com/images?q=tbn%3AANd9GcQ26S9m1pxJuj_rk-ocl3dZ0drDBjGs6F_BRBmFfK3pTEpHvTGc&usqp=CAU,Pork Adobo
https://encrypted-tbn0.gstatic.com/images?q=tbn%3AANd9GcQC4TUYHTu_1xqwfgy9RGPdVX-Etvz9FIRLJKIv8bPKmp_cVm8y&usqp=CAU,Pork Adobo
https://encrypted-tbn0.gstatic.com/images?q=tbn%3AANd9GcSzzPPeR3IY0STKeoAQQVkrysZ6rqGsP-KYiw9VXe3BMl841Twu&usqp=CAU,Pork Adobo
https://encrypted-tbn0.gstatic.com/images?q=tbn%3AANd9GcR-xPvvtGyOS64qBrT580NoyStWl6TsYN1PSYP_vkUMnktGd0fT&usqp=CAU,Pork Adobo
https://encrypted-tbn0.gstatic.com/images?q=tbn%3AANd9GcTpCK1rOzkQTPaPHv0fKoLcPGbR3zozzHQZNiwvWYdTwPTV6Cfn&usqp=CAU,Pork Adobo
https://encrypted-tbn0.gstatic.com/images?q=tbn%3AANd9GcQD0uN3Oj0Mtixdzj2fzc7aYMxklrXtkB66wcb0ceKgYEggvSHd&usqp=CAU,Pork Adobo
https://encrypted-tbn0.gstatic.com/images?q=tbn%3AANd9GcQpk8DTesHqGfp2huwJXIO80twWBYmxvewTiGovbksDD5bu2Fmw&usqp=CAU,Pork Adobo
https://encrypted-tbn0.gstatic.com/images?q=tbn%3AANd9GcS1_DYS_ZNU1B83dAmNVTOfBHZtJJwpkO-TA-L-2W99vo8ldG3w&usqp=CAU,Pork Adobo
https://encrypted-tbn0.gstatic.com/images?q=tbn%3AANd9GcSlg4JXhwyd3oJgMa_3XA55rjUkWuW855X3e_DNGyXulNe6ByCp&usqp=CAU,Pork Adobo
https://encrypted-tbn0.gstatic.com/images?q=tbn%3AANd9GcThOWUL4N4bBRXn-hlb-iBXvklTgxk5IOr0Y-cGRL83rSX5EPOo&usqp=CAU,Pork Adobo
https://encrypted-tbn0.gstatic.com/images?q=tbn%3AANd9GcThG8QfdDgvJHx0MQjl45AtXhOp5y1MW4fzo1203vK1zHw8UQFg&usqp=CAU,Pork Adobo
https://encrypted-tbn0.gstatic.com/images?q=tbn%3AANd9GcQjDe-egWDr1lJaPKOLXYtU6YeuMdP7TlTNFOSqmrSYaadwpvP2&usqp=CAU,Pork Adobo
https://encrypted-tbn0.gstatic.com/images?q=tbn%3AANd9GcSoaceYWhz-LYvGPw6PKRGxHmxepipCs7z_jQxYOMRJ_FZbdO23&usqp=CAU,Pork Adobo
https://encrypted-tbn0.gstatic.com/images?q=tbn%3AANd9GcTm8o-v4nQytlG_HdzMNQu-NbVu8jj_XnWu8euY2csQK4PzgFvw&usqp=CAU,Pork Adobo
https://encrypted-tbn0.gstatic.com/images?q=tbn%3AANd9GcS6sBum1p2Li2urRO2WTufZyddk-30xXK3BW09i72lxJxLdc7_O&usqp=CAU,Pork Adobo
https://encrypted-tbn0.gstatic.com/images?q=tbn%3AANd9GcTotumpIrJZNCbeOXAUiEURTBWsvmYhWNllwJerDcQ0WNiOjhfc&usqp=CAU,Pork Adobo
https://encrypted-tbn0.gstatic.com/images?q=tbn%3AANd9GcR4R6VI_fvNGulaSo0R3IcWZ0h1NZNc3_CkWqdIU-mvLwJtH-Bi&usqp=CAU,Pork Adobo
https://encrypted-tbn0.gstatic.com/images?q=tbn%3AANd9GcS9n3CnMCp5UOxESHQf29kRUHuXE6SjMLKLAaTQMor4LYYgtZA-&usqp=CAU,Pork Adobo
https://encrypted-tbn0.gstatic.com/images?q=tbn%3AANd9GcTPmPfFAuc_b1PGlDyTcMQRuMJw3TNQ65nZ2Rdz9-cKdTPW-h7c&usqp=CAU,Pork Adobo
https://encrypted-tbn0.gstatic.com/images?q=tbn%3AANd9GcQOej2-lmOzF1jy_NxHJyw9e5bMXJhWokEySM5kCuWXWlwMA41-&usqp=CAU,Pork Adobo
https://encrypted-tbn0.gstatic.com/images?q=tbn%3AANd9GcSGqib3yZiDDQaYfjs4H4XqKjDykwA_xP4Zf-MRGg7gsKfL94eS&usqp=CAU,Pork Adobo
https://encrypted-tbn0.gstatic.com/images?q=tbn%3AANd9GcRmpdCXTQO0CM_yBGHK0NtZzTzvlDqitwHQxVkt_Tgt1xLtR8RU&usqp=CAU,Pork Adobo
https://encrypted-tbn0.gstatic.com/images?q=tbn%3AANd9GcRYqFyHR2kXljX_UWbqsdBBjbEnN8QJhpjFR_jj9nHOnojCvE9f&usqp=CAU,Pork Adobo
https://encrypted-tbn0.gstatic.com/images?q=tbn%3AANd9GcTl9n84xcd73bCMRSt_Er6GY_sYFWkNEpMvupHYdv6ceNAkMynt&usqp=CAU,Pork Adobo
https://encrypted-tbn0.gstatic.com/images?q=tbn%3AANd9GcSjHl8MzHMJRwZJDSqy4uiopBz0YxIEi8c0dmMeNq8yx5hGR-VB&usqp=CAU,Pork Adobo
https://encrypted-tbn0.gstatic.com/images?q=tbn%3AANd9GcTtEc3npscOP969cBW_1SNKnAizRjqPSvJycVNhe03Jqru6N8b0&usqp=CAU,Pork Adobo
https://encrypted-tbn0.gstatic.com/images?q=tbn%3AANd9GcTtn-nnaXZjvZVnw51VdG_dnXscFZJPkOx5kmGXyRflKw0cayw-&usqp=CAU,Pork Adobo
https://encrypted-tbn0.gstatic.com/images?q=tbn%3AANd9GcRehBUGtuYLk7k6GZNgk9zYyKUsoEJ5Sp8-Mt1w9WuCH_7smww_&usqp=CAU,Pork Adobo
https://encrypted-tbn0.gstatic.com/images?q=tbn%3AANd9GcTqwflqJXyS4sM5avhRHCAKQGLDogg-JDdCUQ8qKce6KkyPP-hL&usqp=CAU,Pork Adobo
https://encrypted-tbn0.gstatic.com/images?q=tbn%3AANd9GcQpbJKBfc7fUdcb_St2FMGEpstAYd9pUOzgj7H6yqDUmfCwI9qV&usqp=CAU,Pork Adobo
https://encrypted-tbn0.gstatic.com/images?q=tbn%3AANd9GcQBra8Xar4THWCrMKrzoHz7vIdMPRa51tL_2pNaPQAyqdTlH4Wh&usqp=CAU,Pork Adobo
https://encrypted-tbn0.gstatic.com/images?q=tbn%3AANd9GcSlRpw-tl7IcOV6-JvaAsAG0dO52Z149dXpM794wDe93c-s3fdd&usqp=CAU,Pork Adobo
https://encrypted-tbn0.gstatic.com/images?q=tbn%3AANd9GcTlNEAyjlrYnhofjTMt_dQuGLmuGxWCH-K2V4ZYGlADr8dV63WE&usqp=CAU,Pork Adobo
https://encrypted-tbn0.gstatic.com/images?q=tbn%3AANd9GcQTnimSzNs-wolZx7D7Zc3AF087vd4FUOVRp0mVTiBS3sCzzsOz&usqp=CAU,Pork Adobo
https://encrypted-tbn0.gstatic.com/images?q=tbn%3AANd9GcQn__z1npzg8SJch-kX96aqtHk8hAZ3yQRs9UPNwsl3WRFoze_M&usqp=CAU,Pork Adobo
https://encrypted-tbn0.gstatic.com/images?q=tbn%3AANd9GcQJ2htGfUYKb2s20un5NgzrsINvuC3UgPN5Sf_Fo-aHE-I-MG83&usqp=CAU,Pork Adobo
https://encrypted-tbn0.gstatic.com/images?q=tbn%3AANd9GcQe5nbmtdHIVO7HCxC6ts_vMUBbgL7Plk8uvzvT_DP_LzuiQ9SG&usqp=CAU,Pork Adobo
https://encrypted-tbn0.gstatic.com/images?q=tbn%3AANd9GcQFZEA7AxXHcXgtdcdVBO9qV9awOO2UobgjVf11Jqbd0EwJKYYG&usqp=CAU,Pork Adobo
https://encrypted-tbn0.gstatic.com/images?q=tbn%3AANd9GcQetGULdnSrc4oVGOoLpBTCw6r55J74aOWQVyzJP_9QPj8kfGLm&usqp=CAU,Pork Adobo
https://encrypted-tbn0.gstatic.com/images?q=tbn%3AANd9GcRJRN0-XEm4NScRSwqOlPC-DmOieEG1jfX3f56tKXB-roao4MHg&usqp=CAU,Pork Adobo
https://encrypted-tbn0.gstatic.com/images?q=tbn%3AANd9GcSNW6adydfZ6uTZNPprGAGdywMpOESZDSsR4W_3IcQJKIOv7AUZ&usqp=CAU,Pork Adobo
https://encrypted-tbn0.gstatic.com/images?q=tbn%3AANd9GcSgRsFwSOeYc_-ESpI74OYsgeu6jVFTTIGqw7sIlTxyrBLIzTdE&usqp=CAU,Pork Adobo
https://encrypted-tbn0.gstatic.com/images?q=tbn%3AANd9GcQO7ccRZwOIENq1RYbXm96znfpKR1FdW7_Vos5Hp7m6GkqZTD63&usqp=CAU,Pork Adobo
https://encrypted-tbn0.gstatic.com/images?q=tbn%3AANd9GcSf3PlfieCIDSWRmc5x39AgUbqSmhlJwxHKA6C8WWanJm9fnAW1&usqp=CAU,Pork Adobo
https://encrypted-tbn0.gstatic.com/images?q=tbn%3AANd9GcQ6u9Fta2zp9R1vrBQ4uBWQWLWNSY8MtRnI6mE3Dk0dhSgCvqpv&usqp=CAU,Pork Adobo
https://encrypted-tbn0.gstatic.com/images?q=tbn%3AANd9GcRXi16a2OaUYSC27uQd8BT7P7FAaqRA1pvyFa25lZjsWiruG2ku&usqp=CAU,Pork Adobo
https://encrypted-tbn0.gstatic.com/images?q=tbn%3AANd9GcThDJ2iLjYOjr6YaaWTGJdlJ7xBNT1HDYoYZDrhEThCl1a9AJ3d&usqp=CAU,Pork Adobo
https://encrypted-tbn0.gstatic.com/images?q=tbn%3AANd9GcRedRKsBJ0FNz0ktcsAR-CR9X0nZRLEHF9t8z3OSHuEikcPuzH3&usqp=CAU,Pork Adobo
https://encrypted-tbn0.gstatic.com/images?q=tbn%3AANd9GcQY5-TcSlDzgIErpXPpMe0r5GTKrCQwf0IUJ-8H-RMrFQtF2Z-h&usqp=CAU,Pork Adobo
https://encrypted-tbn0.gstatic.com/images?q=tbn%3AANd9GcQiDMZWoMwcCoWgK4wV7QGDKWmWtwZn8zRj2NfgOHDBK6jYhg5P&usqp=CAU,Pork Adobo
https://encrypted-tbn0.gstatic.com/images?q=tbn%3AANd9GcT6e4kRzxVAZCnwTa6NO5bpePXIkL9kmVo2D0r_WI6GBq0975my&usqp=CAU,Pork Adobo
https://encrypted-tbn0.gstatic.com/images?q=tbn%3AANd9GcRSuzhaKeNmA2OIci5wVn3TXGCmsVcg0PMPcNPytNZIw2DkDXXZ&usqp=CAU,Pork Adobo
https://encrypted-tbn0.gstatic.com/images?q=tbn%3AANd9GcSYuVz8ZYorGOQQZt60jCZMnB5R3b7f1EODuVVlkrDb83ZZYsQS&usqp=CAU,Pork Adobo
https://encrypted-tbn0.gstatic.com/images?q=tbn%3AANd9GcR6xxenCp91_85FnvM77vSgOjsav9KnMz6bYwybgn4hwxqftkqk&usqp=CAU,Pork Adobo
https://encrypted-tbn0.gstatic.com/images?q=tbn%3AANd9GcSNZLrG3MzltIh0QhMZ0LuU0suZ-U4cGMcT7uvBn30-CcnsR7AB&usqp=CAU,Pork Adobo
https://encrypted-tbn0.gstatic.com/images?q=tbn%3AANd9GcT94djh2dLMobZk-SwLl_-FwZnSFuUi1rN5-XB8-PrLZFskKL1k&usqp=CAU,Pork Adobo
https://encrypted-tbn0.gstatic.com/images?q=tbn%3AANd9GcTXXh56VlshFdDw7XfGsjSeDK2OPFyivlfEBe1X6_adDeeFZyj1&usqp=CAU,Pork Adobo
https://encrypted-tbn0.gstatic.com/images?q=tbn%3AANd9GcTiFc_FD_gfnPnMxt-tDxCgW8DA06bdsRj01mv8uluP7nPnm_kO&usqp=CAU,Pork Adobo
https://encrypted-tbn0.gstatic.com/images?q=tbn%3AANd9GcQm1N7AVD_XunaPEeiMMoSoJEo4RJmP_kC2YU_Yl0c-lquaeYu_&usqp=CAU,Pork Adobo
https://encrypted-tbn0.gstatic.com/images?q=tbn%3AANd9GcQbAgb6jPjt9MyGg4T_x5BQBAytgJHXwxsOCcRe3T7U6XX7_ucp&usqp=CAU,Pork Adobo
https://encrypted-tbn0.gstatic.com/images?q=tbn%3AANd9GcS8gu4QA_JAxcf59pzCccK1qXtmuTBTYfEbaz1UpCN13SsEc7G4&usqp=CAU,Pork Adobo
https://encrypted-tbn0.gstatic.com/images?q=tbn%3AANd9GcQeWhCgqYsR2ZYGYcc3KjQZOedVgCo1_P9e0W0lt1t_At0gom4v&usqp=CAU,Pork Adobo
https://encrypted-tbn0.gstatic.com/images?q=tbn%3AANd9GcSVAChn4IJEanPWJvVkaHXecrWqjEK1rbkdMUBfQCeAC_5WPWoA&usqp=CAU,Pork Adobo
https://encrypted-tbn0.gstatic.com/images?q=tbn%3AANd9GcQxKCO-yupCwPNfztJtpPvuihgh4opyIqtheJuJp1DlBT303uRB&usqp=CAU,Pork Adobo
https://encrypted-tbn0.gstatic.com/images?q=tbn%3AANd9GcT6kh8-Ljui2926-EKWDUp0xNAsjX-A9UhLqZMjvfYoL87dYPfp&usqp=CAU,Pork Adobo
https://encrypted-tbn0.gstatic.com/images?q=tbn%3AANd9GcR6t9Zn0AwzrTy8HY_rhwOWPeVfmpFYes0flXv2zeDrrw_yHlQW&usqp=CAU,Pork Adobo
https://encrypted-tbn0.gstatic.com/images?q=tbn%3AANd9GcQKJOkNMA0YcXKGcaNPLhhtAjJf6q_M--SOAbcFwn7oA64ueLkK&usqp=CAU,Pork Adobo
https://encrypted-tbn0.gstatic.com/images?q=tbn%3AANd9GcT6Uq-4IAhKBkkLfuaRBvmw80epVCmFODdiAVzuBHoXxj4NK89e&usqp=CAU,Pork Adobo
https://encrypted-tbn0.gstatic.com/images?q=tbn%3AANd9GcS2GX5MkQ5E8RWQo2oeEQWvCvUH_hvQuNAIa5VOnJch1FqtNCFw&usqp=CAU,Pork Adobo
https://encrypted-tbn0.gstatic.com/images?q=tbn%3AANd9GcRwXpkOD2rRWw-XZ8z3QcWIKZjLWuuqXel124eD-7hJBduj33Px&usqp=CAU,Pork Adobo
https://encrypted-tbn0.gstatic.com/images?q=tbn%3AANd9GcSROFn4MnFIibj7U6IFAeD2pYhMcQv135Cj51UM2C1a1n5u1Nbw&usqp=CAU,Pork Adobo
https://encrypted-tbn0.gstatic.com/images?q=tbn%3AANd9GcQfDjKjSx0xxbLdfxh_JCT-JKEnMiIwocwhgDqbDzE3PSOOegGQ&usqp=CAU,Pork Adobo
https://encrypted-tbn0.gstatic.com/images?q=tbn%3AANd9GcSb_oe30kIqBJRgMxSe6tTqAm31bnbSz8BewmXc0YsvaVMfmPcE&usqp=CAU,Pork Adobo
https://encrypted-tbn0.gstatic.com/images?q=tbn%3AANd9GcQPnXZ4a1KVopnhUVFwKGoFbrQZMDIb2_dbyFTuKWc9auBGB1kM&usqp=CAU,Pork Adobo
https://encrypted-tbn0.gstatic.com/images?q=tbn%3AANd9GcRphpmYdAlMASVsaUt6DmqITg5DJ96OdqAJ7DbZ3UVl4yh8eKs5&usqp=CAU,Pork Adobo
https://encrypted-tbn0.gstatic.com/images?q=tbn%3AANd9GcSQYeU3PzW0l7Bv5JpGxhwkm0vs6qGF0gc5uLQbXfsM-XSaugCg&usqp=CAU,Pork Adobo
https://encrypted-tbn0.gstatic.com/images?q=tbn%3AANd9GcSNijZ3WLL61edGZMnm1VWtOwYgOAH-9VLRZgHSS2W0sVFNO1jk&usqp=CAU,Pork Adobo
https://encrypted-tbn0.gstatic.com/images?q=tbn%3AANd9GcQbXltI0lboWFDPFmpV2TjdlIE0JJcQUjc_DvvGIPT0zt9749Gz&usqp=CAU,Pork Adobo
https://encrypted-tbn0.gstatic.com/images?q=tbn%3AANd9GcSDh_K24S-kEoi9fptuz8ifUFx_FPlAvgZf7_mTPazB1N7BYtt2&usqp=CAU,Pork Adobo
https://encrypted-tbn0.gstatic.com/images?q=tbn%3AANd9GcRjBmqptA9L_YEAsDL6_ER-91K6oeC-nFVaTHyrEtRvKiA__OKD&usqp=CAU,Pork Adobo
https://encrypted-tbn0.gstatic.com/images?q=tbn%3AANd9GcSCbqB2VKPwoT6B1-jHbiVeRmUVO1DJn9vXC4Vb8CX5gcvYuTWU&usqp=CAU,Pork Adobo
https://encrypted-tbn0.gstatic.com/images?q=tbn%3AANd9GcSnmCp1InTRBBXIRw3cAeH4ck8ToSUtv1H-WksPZhh4nAbwYYME&usqp=CAU,Pork Adobo
