https://encrypted-tbn0.gstatic.com/images?q=tbn%3AANd9GcQJDTIcJFmWkSiP9f6jOYvJP9cOs9-XcRCgYeg9z5MiILqHhdiP&usqp=CAU,Sinigang
https://encrypted-tbn0.gstatic.com/images?q=tbn%3AANd9GcSZ4CtWJhKw2K6fudZCCqnjz3UKOWV1moPcsgwVIHOFsBHKCqQ4&usqp=CAU,Sinigang
https://encrypted-tbn0.gstatic.com/images?q=tbn%3AANd9GcTsVmqjfJBJP8L-RVlM9bQFyFsVxSIVZig0drtohxsmyr8Z2Ojr&usqp=CAU,Sinigang
https://encrypted-tbn0.gstatic.com/images?q=tbn%3AANd9GcRPzM2n6AbUvBLDVJeuR52B4oIs8ea4-zK1y4uepATlVo-hceX7&usqp=CAU,Sinigang
https://encrypted-tbn0.gstatic.com/images?q=tbn%3AANd9GcTMD-fsVlLyC0Rh3g05IWWmN2gpETks9Kn5wwKu85SHWDcavyF9&usqp=CAU,Sinigang
https://encrypted-tbn0.gstatic.com/images?q=tbn%3AANd9GcQrIpD_jpXJgGrAJCmKX5QH7mqFIvcRT5XxscQ7HvQP_T_LTIEt&usqp=CAU,Sinigang
https://encrypted-tbn0.gstatic.com/images?q=tbn%3AANd9GcR5H2z_hvnCRfwtm_P0PbYFbtBp255HGixNQSE9TeIOqcNUuAjO&usqp=CAU,Sinigang
https://encrypted-tbn0.gstatic.com/images?q=tbn%3AANd9GcR70Llub8_zFqbgPHvnNRGezoZLkELu109PVMSCiQ9my1e7Dra7&usqp=CAU,Sinigang
https://encrypted-tbn0.gstatic.com/images?q=tbn%3AANd9GcQaPDr_qjt75aKwuXVi2SqmVPA9NvKmLOuSc-czL2ybZvISAQU1&usqp=CAU,Sinigang
https://encrypted-tbn0.gstatic.com/images?q=tbn%3AANd9GcTnidcGrkYT7guGVNBtBpN1qu2KG0bR8z3sjgu5b5u5TFROfd60&usqp=CAU,Sinigang
https://encrypted-tbn0.gstatic.com/images?q=tbn%3AANd9GcSvMXOIaqqGkB7L8G_Zp8cTb8QCzn1UlD8GcvQ6YSKCG0e6XdND&usqp=CAU,Sinigang
https://encrypted-tbn0.gstatic.com/images?q=tbn%3AANd9GcTBqsbChLwLckzwk1ewK4nZXCzKQ5GE9ikspBWOtEdIbl009i1B&usqp=CAU,Sinigang
https://encrypted-tbn0.gstatic.com/images?q=tbn%3AANd9GcQeYhyxIcTPEpJFX8ONldbyXB63gCWLwCaVSUuT78nr6pkXxA9e&usqp=CAU,Sinigang
https://encrypted-tbn0.gstatic.com/images?q=tbn%3AANd9GcQVmlJj88OvzXiqpm6DeK__l30rosZXPg4J35W2B8bv0mWe3zdC&usqp=CAU,Sinigang
https://encrypted-tbn0.gstatic.com/images?q=tbn%3AANd9GcQ4sMsc-z1TXe8VRKT6fBHwX_dw5hSi1n5xmo9Zl6SpRN9b4qx7&usqp=CAU,Sinigang
https://encrypted-tbn0.gstatic.com/images?q=tbn%3AANd9GcSPUGpkYevmPTMkEmoVx7ETtV3foXN8DS4r_EYQ11AAKpd1RIcF&usqp=CAU,Sinigang
https://encrypted-tbn0.gstatic.com/images?q=tbn%3AANd9GcTluV3Tmnsdbo3AYpm0l06EnDWnazmVRIhJQMLU1MH8GT7c1tSS&usqp=CAU,Sinigang
https://encrypted-tbn0.gstatic.com/images?q=tbn%3AANd9GcQEHzBdAX6fp0VKhZF274c3H7it4Tg9sF8YHuk2SZR4fZMtteD0&usqp=CAU,Sinigang
https://encrypted-tbn0.gstatic.com/images?q=tbn%3AANd9GcSE6fS5mTr0uejSypY7aXiCli7NyOjzjTUD4cXISadRxfSIG9tT&usqp=CAU,Sinigang
https://encrypted-tbn0.gstatic.com/images?q=tbn%3AANd9GcSbJPtkEp6QuIOrLE6QeitY1X97Hc3vHKK9Q3frKtUIL00cGNao&usqp=CAU,Sinigang
https://encrypted-tbn0.gstatic.com/images?q=tbn%3AANd9GcTvxpd14U_4PrILZoUUsxt5-d5VgL0xCg5ESZU0mjZkVGmePIM0&usqp=CAU,Sinigang
https://encrypted-tbn0.gstatic.com/images?q=tbn%3AANd9GcRvDMBa0FaJ51Bqc0j5rFjKVpfYw-DrKr2NRKVnEE4LMSITY5wx&usqp=CAU,Sinigang
https://encrypted-tbn0.gstatic.com/images?q=tbn%3AANd9GcRcLHRcWfqDBL4LpyQ0EgzoX5gBLT_jPZdfgtV8l3TR8g2uCrXx&usqp=CAU,Sinigang
https://encrypted-tbn0.gstatic.com/images?q=tbn%3AANd9GcTBShLmUbbeyb60xy_QsgfACqKd0TWJM-n4lKqSLv6d1yS2B8d8&usqp=CAU,Sinigang
https://encrypted-tbn0.gstatic.com/images?q=tbn%3AANd9GcTnkvJrADiZrI65_ogi9qiqvmpq9yav0w_7t9iWHn7BwTLNEm1T&usqp=CAU,Sinigang
https://encrypted-tbn0.gstatic.com/images?q=tbn%3AANd9GcSJHDnXV1cvXD1nGjGA_6aDmkOOzlyjOxJNW4doCi34X-mkuxEB&usqp=CAU,Sinigang
https://encrypted-tbn0.gstatic.com/images?q=tbn%3AANd9GcQPERDPfKyyqgoo5vXw0ru5wJahrTczYJuCf_3RTY71S3rF7YEP&usqp=CAU,Sinigang
https://encrypted-tbn0.gstatic.com/images?q=tbn%3AANd9GcT55iJUsESxYiSDgewwzFpyKtw0rlp4aayXBhNKucUk8QzZDqX0&usqp=CAU,Sinigang
https://encrypted-tbn0.gstatic.com/images?q=tbn%3AANd9GcQZkWjugMmNS9sIZBGPaFGidbFFyFeq1xK3fy9vFrSSn29Mbhsn&usqp=CAU,Sinigang
https://encrypted-tbn0.gstatic.com/images?q=tbn%3AANd9GcTjwlWJ7zmtDuXeG1AAWxcAUixCPo8vy6-1_T0fS1EeaYxGGOEY&usqp=CAU,Sinigang
https://encrypted-tbn0.gstatic.com/images?q=tbn%3AANd9GcSY0NBPmDSxwA-3Gkz-9bsgUcNi92FTcnV6SDbyOVH-u-ziPVeY&usqp=CAU,Sinigang
https://encrypted-tbn0.gstatic.com/images?q=tbn%3AANd9GcTCbZaMAgwO-dem2rT8KX0KhtiqT1mddSC8Vo9622L8HAQoe1PA&usqp=CAU,Sinigang
https://encrypted-tbn0.gstatic.com/images?q=tbn%3AANd9GcSnznYHxm0yXWJ7liF4cEdxo593qL4PIAMhcAO3inE6WqP0dymU&usqp=CAU,Sinigang
https://encrypted-tbn0.gstatic.com/images?q=tbn%3AANd9GcR6eMa5N19JELng7SQ3dfcYVdN0WnjjKXONV9OO6_SsDyvauBOo&usqp=CAU,Sinigang
https://encrypted-tbn0.gstatic.com/images?q=tbn%3AANd9GcQkemBv4XhfZEGxF9EwURTnFXzMsh28MtpRnYV8p_5bEnpNFKNd&usqp=CAU,Sinigang
https://encrypted-tbn0.gstatic.com/images?q=tbn%3AANd9GcQG-j6gtmze5Su1s11CYDCGtwen1FQtJL0MyUoZR15pUN8U0SoX&usqp=CAU,Sinigang
https://encrypted-tbn0.gstatic.com/images?q=tbn%3AANd9GcQHawEi9OYpBVaxjHFGJQ3LZxsFwDg81hNSJ2K6Oy4v3T1a5yMK&usqp=CAU,Sinigang
https://encrypted-tbn0.gstatic.com/images?q=tbn%3AANd9GcT4t-nf78KVyHPyO7ilCYrQ7ZdmLYigG7ZRivThLp31RbrizG6g&usqp=CAU,Sinigang
https://encrypted-tbn0.gstatic.com/images?q=tbn%3AANd9GcT_qoCyyx-ExmvNmMoOG2HA9pr4PrkIjBt8ImxWLjhRovi2Atgw&usqp=CAU,Sinigang
https://encrypted-tbn0.gstatic.com/images?q=tbn%3AANd9GcS4nIONL2CSgHVVXzgX4o4-9ONsspoHYIo_MnkQZ7DAWdiHeZiL&usqp=CAU,Sinigang
https://encrypted-tbn0.gstatic.com/images?q=tbn%3AANd9GcTi53RUbuWaAufUoOhdT_Y8NSCq8mUh6ZUG9_1qhXZBPfIVJgkx&usqp=CAU,Sinigang
https://encrypted-tbn0.gstatic.com/images?q=tbn%3AANd9GcQHcY6d_hgpWPkktzQoXec5BQ52ct1CRfJWkc1_p68alnfNcQeR&usqp=CAU,Sinigang
https://encrypted-tbn0.gstatic.com/images?q=tbn%3AANd9GcQOZGfzTstedf22cUmBApHX006pK95HMc7ff5FnC_UffdNOx0j0&usqp=CAU,Sinigang
https://encrypted-tbn0.gstatic.com/images?q=tbn%3AANd9GcRIOeAW9PsjXQoxguh7KvLFJgC4aEZPl4GuihhZtMo77O_PjTr6&usqp=CAU,Sinigang
https://encrypted-tbn0.gstatic.com/images?q=tbn%3AANd9GcTfOt6v1PPdz7ynTwbVHdegDJKGNJfCBPcyJa0Zdk9Y-KZyTcpF&usqp=CAU,Sinigang
https://encrypted-tbn0.gstatic.com/images?q=tbn%3AANd9GcRFX7mKAPDHXOaPiQ7fdnQt6AEQmBJ1piWEJiPnXhfkFLtgbyPw&usqp=CAU,Sinigang
https://encrypted-tbn0.gstatic.com/images?q=tbn%3AANd9GcSVo_g3uTqlj-xO0tBT_9Igpm_A8aMMaDdQW0UmrG_sziRW0OQm&usqp=CAU,Sinigang
https://encrypted-tbn0.gstatic.com/images?q=tbn%3AANd9GcTalzsx_bFewLYO2YBimZ7WJPrkHGmpCXqkTEpv3jWICl7Mpr-f&usqp=CAU,Sinigang
https://encrypted-tbn0.gstatic.com/images?q=tbn%3AANd9GcT7TgvBhUCLaOu-dF2DYKF7yMQ99jQolpdHTlEzC9rnrkWj9C1S&usqp=CAU,Sinigang
https://encrypted-tbn0.gstatic.com/images?q=tbn%3AANd9GcROum3cwyZVH6qFJ9qdmbXuFEqY0M5ZtFDjrmPqEgTNz0mmIB4O&usqp=CAU,Sinigang
https://encrypted-tbn0.gstatic.com/images?q=tbn%3AANd9GcR0I5rO4DhUM7odnLttyw7ABm2BGtHYKV4kyek98Kc3J7Lz3RYe&usqp=CAU,Sinigang
https://encrypted-tbn0.gstatic.com/images?q=tbn%3AANd9GcRaF_k9yDoyw4sB4SDw7-WZ8CC3r4NwOxF3FU0ZB8N2KdFCNfU9&usqp=CAU,Sinigang
https://encrypted-tbn0.gstatic.com/images?q=tbn%3AANd9GcQ5CQ8s-nyqJA17kvDK19YJyCcd-7QGCOOxy581l2Up7d3_XsnA&usqp=CAU,Sinigang
https://encrypted-tbn0.gstatic.com/images?q=tbn%3AANd9GcTjzgW3oqKJ0kuORny_m1Izp6D1M1HV1ATe3FQUEuG3fV-Qyig3&usqp=CAU,Sinigang
https://encrypted-tbn0.gstatic.com/images?q=tbn%3AANd9GcREZ6SFBKnMKGjHOkCfxB-ck4OdwM9MjS74aToTM9M1jVghz1IS&usqp=CAU,Sinigang
https://encrypted-tbn0.gstatic.com/images?q=tbn%3AANd9GcQB70Y_D2qfv9y-y3lVn5NsMyL54zYPmRb_LvXd72es02faBbTa&usqp=CAU,Sinigang
https://encrypted-tbn0.gstatic.com/images?q=tbn%3AANd9GcRExXgw_DyBqiHBH7267sO6jgC28jryfknpHx6043mnE-jet0nK&usqp=CAU,Sinigang
https://encrypted-tbn0.gstatic.com/images?q=tbn%3AANd9GcRXbz5VazTIphRZc53eB-yRfB5mH4UXHbtQp46zwaTaZsrL8F4i&usqp=CAU,Sinigang
https://encrypted-tbn0.gstatic.com/images?q=tbn%3AANd9GcRW4j9HzNTq0szRAzkpi9A1SwpsMm2JNZ8yhqfGZ_UX-SdqKvv8&usqp=CAU,Sinigang
https://encrypted-tbn0.gstatic.com/images?q=tbn%3AANd9GcRdT41Ac-f3j0G03Ofh42YFmAWOhmnCPJ0QGbTbXpoS7P5t97i6&usqp=CAU,Sinigang
https://encrypted-tbn0.gstatic.com/images?q=tbn%3AANd9GcTHJrxbf6rA5tkS4TflgmiDQrTGch3lM2nUn6pQos4oNCjf37D5&usqp=CAU,Sinigang
https://encrypted-tbn0.gstatic.com/images?q=tbn%3AANd9GcQhjEkSmEhYK4AZVLTlXJ2gKltpdpSGnW3fqB_Bxo164IAnh7_d&usqp=CAU,Sinigang
https://encrypted-tbn0.gstatic.com/images?q=tbn%3AANd9GcTCl3Wap-iI3sco_EYr0BDiBV4p6UJlBh2F282qocT8nThTTL4_&usqp=CAU,Sinigang
https://encrypted-tbn0.gstatic.com/images?q=tbn%3AANd9GcRcJl8N38lmVaMKFWRvSWtW9KHPKuqz8GmLSw1gGKwGA227ln85&usqp=CAU,Sinigang
https://encrypted-tbn0.gstatic.com/images?q=tbn%3AANd9GcSH62XJDnBvseYQE1HyMovZhrPU3u_vHf0k99usVVjM9rPpTEQa&usqp=CAU,Sinigang
https://encrypted-tbn0.gstatic.com/images?q=tbn%3AANd9GcQzB75wbvzQHL6nJQNabBJVcZZDjNaTuGeeXVA46_xbMlO2QFGk&usqp=CAU,Sinigang
https://encrypted-tbn0.gstatic.com/images?q=tbn%3AANd9GcR7B8XjzM9tsZFy9Z3TA7PDbwLf-AGN3KZ9AbzOUFTL7acNzUQO&usqp=CAU,Sinigang
https://encrypted-tbn0.gstatic.com/images?q=tbn%3AANd9GcRjORfR9D--go_3lV_JibCKZegK1j-HlwBcKAloqJCCFA3uy_UN&usqp=CAU,Sinigang
https://encrypted-tbn0.gstatic.com/images?q=tbn%3AANd9GcS0cQPPRkMEsk9VF2JAuBAZ4S4-rsNMtDNgAFxQZyiXkFD5w9-q&usqp=CAU,Sinigang
https://encrypted-tbn0.gstatic.com/images?q=tbn%3AANd9GcSgY9Hcc0o7zR-d9ZSOnG2btJSXOgTPAtLhJKFDeDSknquSmESj&usqp=CAU,Sinigang
https://encrypted-tbn0.gstatic.com/images?q=tbn%3AANd9GcRHGtN2KeEY0wlX8jmvkF_X6GI3eALKW3yXta0imKFwSWtTBPFu&usqp=CAU,Sinigang
https://encrypted-tbn0.gstatic.com/images?q=tbn%3AANd9GcRo_VE8sfaw2AHfSzSteFQe5QwlnjD3Z_RKPUrM8VouwIJxbV5f&usqp=CAU,Sinigang
https://encrypted-tbn0.gstatic.com/images?q=tbn%3AANd9GcSIKO0xMcV1bFMob_hWDXp3zujuTn6xCF1p-Jd_Kel7z27Aezr1&usqp=CAU,Sinigang
https://encrypted-tbn0.gstatic.com/images?q=tbn%3AANd9GcRR--A4Aw9DK79JZk7RkIlpyCM9IXupYDZSkxbnV1zlemsqiIMo&usqp=CAU,Sinigang
https://encrypted-tbn0.gstatic.com/images?q=tbn%3AANd9GcRW-yW_Y1CUZKsidyWQlxg9dpo53H8g4vmyh7pEb0txkjAxWZfc&usqp=CAU,Sinigang
https://encrypted-tbn0.gstatic.com/images?q=tbn%3AANd9GcRRXEvBXMl31nUN4s4cNe4IVkpki7GBm2z0Iz4MwpucVGn0jkTw&usqp=CAU,Sinigang
https://encrypted-tbn0.gstatic.com/images?q=tbn%3AANd9GcQ8t_ka8nv3YyaAAs_4q7CZnHLD8WhjNdepLYmrd8bn32SicqUM&usqp=CAU,Sinigang
https://encrypted-tbn0.gstatic.com/images?q=tbn%3AANd9GcSsuhUi5Ee4wgJcytegDN8MW2kqm05T9Hvfg_1eSpnGudljZH21&usqp=CAU,Sinigang
https://encrypted-tbn0.gstatic.com/images?q=tbn%3AANd9GcS_RaX8rnlQHx5r_6GhsokLrtjcL96BKHboeRuQz8tdqfM_POHY&usqp=CAU,Sinigang
https://encrypted-tbn0.gstatic.com/images?q=tbn%3AANd9GcQFZl7flaEbM8p7bvwd3NeLeHstzvJ9N1NwZ_xy5HqFwetE_4yn&usqp=CAU,Sinigang
https://encrypted-tbn0.gstatic.com/images?q=tbn%3AANd9GcSfrRxu71X5dYscGaMAodzAp4x6rIxf0rmm4DiIv1E_V8Psd5Gj&usqp=CAU,Sinigang
https://encrypted-tbn0.gstatic.com/images?q=tbn%3AANd9GcS6CRgTYs4P6SwD3r5pA-L0fiJmuRmCnn-JHmFEXjIO4IHATOcR&usqp=CAU,Sinigang
https://encrypted-tbn0.gstatic.com/images?q=tbn%3AANd9GcSB4HffKt24ZjCmGDr8AUdYV4u1JKW5cx5KKs0gq_SZ4upHoA2X&usqp=CAU,Sinigang
https://encrypted-tbn0.gstatic.com/images?q=tbn%3AANd9GcTVOVsNPY1D0NvrhcKFby1rDokpkvD3hQUuFmYEnhBtJlSD5A_G&usqp=CAU,Sinigang
https://encrypted-tbn0.gstatic.com/images?q=tbn%3AANd9GcTcLSB5-_uXlpYomnlbKBr_Ibc2VG1g5ngGP2AlJ4KLfWpaGubo&usqp=CAU,Sinigang
https://encrypted-tbn0.gstatic.com/images?q=tbn%3AANd9GcRgvfkCLlP8Cl446oAf5X3XiHDRvwDPC983d-57wSGgyAzaJP8g&usqp=CAU,Sinigang
https://encrypted-tbn0.gstatic.com/images?q=tbn%3AANd9GcRzNvIMnlr5H4C_JXdjoqwFe-GNiQQHahdgAeubjJ1dYar2Q2wJ&usqp=CAU,Sinigang
https://encrypted-tbn0.gstatic.com/images?q=tbn%3AANd9GcQ_jEppiLG6Jq_vg-FzUgd54ACIEK8eypUrbOEAn_jPdyLuktlC&usqp=CAU,Sinigang
https://encrypted-tbn0.gstatic.com/images?q=tbn%3AANd9GcRHaJRg2OczrjeFsKBUkEEm1RmQ6AHVN3Jse4QVicwU0rMmylKk&usqp=CAU,Sinigang
https://encrypted-tbn0.gstatic.com/images?q=tbn%3AANd9GcScDJPZbB8csPYXrDP1rOF8C_d-F4UPE41g7oqFiv7hOcuU4zeJ&usqp=CAU,Sinigang
https://encrypted-tbn0.gstatic.com/images?q=tbn%3AANd9GcQUh_9nVyuqrrcJhaD5rw2hLESqAZeZLjFPdbjaDfcmbbXfCA-Y&usqp=CAU,Sinigang
https://encrypted-tbn0.gstatic.com/images?q=tbn%3AANd9GcTFq0pmQ_p0cS3UpnmNHi-2vzK5bYdVTW6W138O-SL_0nfdK5jl&usqp=CAU,Sinigang
https://encrypted-tbn0.gstatic.com/images?q=tbn%3AANd9GcSePKmHND_IrButWFzT93QL4jPhwqQxopZVieKT3j_RcV8jQDli&usqp=CAU,Sinigang
https://encrypted-tbn0.gstatic.com/images?q=tbn%3AANd9GcT2AxAcsGe7jXyN8B6f5tSZHOkzJzFGB5vcDTOc-LnVnOjs7AP4&usqp=CAU,Sinigang
https://encrypted-tbn0.gstatic.com/images?q=tbn%3AANd9GcQgqOtBq4nj66fvc9emlHL5734YhWHyivu5vQ0VNx7I5EbZV2Qs&usqp=CAU,Sinigang
https://encrypted-tbn0.gstatic.com/images?q=tbn%3AANd9GcThWu-HCVpvbYB0Uae9UaWnGhEAy4Z7WKBBcs2VscL9XWmKkoK-&usqp=CAU,Sinigang
https://encrypted-tbn0.gstatic.com/images?q=tbn%3AANd9GcRfUJtcR0Lo2t9oE7ib9cUM3HiIEAj6imue5xjcuLk4xKgV34i_&usqp=CAU,Sinigang
https://encrypted-tbn0.gstatic.com/images?q=tbn%3AANd9GcSAQjZuq656V-CABHEIJIWRZ-midl5qltUirpKtQZNKqNH1QJhv&usqp=CAU,Sinigang
https://encrypted-tbn0.gstatic.com/images?q=tbn%3AANd9GcTnD2fJo6GiishVnTpecMTylph0F8plIKflgGsvbGT_extyi33k&usqp=CAU,Sinigang
https://encrypted-tbn0.gstatic.com/images?q=tbn%3AANd9GcRtpi9Udv3Cc5jaQLAhwUUiA1t7dPHTMsxMnP8B32ILJE-VQakQ&usqp=CAU,Sinigang
https://encrypted-tbn0.gstatic.com/images?q=tbn%3AANd9GcSMxCt3hLtF1MK3X_mjdxfs4jwb0ySnp9oAu5HwyPr3dJQR0V8U&usqp=CAU,Sinigang
https://encrypted-tbn0.gstatic.com/images?q=tbn%3AANd9GcQ0PteUvjzOvWxIA-d2OKKs1oHn4QSdtxJHI816Ln8zuDYDAuzQ&usqp=CAU,Sinigang
https://encrypted-tbn0.gstatic.com/images?q=tbn%3AANd9GcRVLO364uLHkgmD25atXs4pz4KIpF74f2VS4dQ5m7CteBmfsgxC&usqp=CAU,Sinigang
https://encrypted-tbn0.gstatic.com/images?q=tbn%3AANd9GcRMQEXLruEqh_VmZiVNZNf4RnPaTNwy9CT7WaPqenPNH8cMyHT4&usqp=CAU,Sinigang
