https://encrypted-tbn0.gstatic.com/images?q=tbn%3AANd9GcQtl149ROVkIY8U1bx6-3RpGlIDjfoz3j63uko20yvkI5_BkPVz&usqp=CAU,Taho
https://encrypted-tbn0.gstatic.com/images?q=tbn%3AANd9GcQrohJcTgv_8R9x2l-3QecayN77z6FQTt2D18uTNCmk33O_XV0u&usqp=CAU,Taho
https://encrypted-tbn0.gstatic.com/images?q=tbn%3AANd9GcTeAejTsn8XNHT_o82BMZyMbCEGYsfjBGt3aMVbv4TeG-KV5V_K&usqp=CAU,Taho
https://encrypted-tbn0.gstatic.com/images?q=tbn%3AANd9GcTv31xWn77iN20pr7qbpb36Ms7c_7cv2OfhJpzmGp7gyjoQ_jFm&usqp=CAU,Taho
https://encrypted-tbn0.gstatic.com/images?q=tbn%3AANd9GcTVgFzdDLVjvtt1te8TQDrJjzuoolUqmPNtvzdEpaxSUrJlPTO6&usqp=CAU,Taho
https://encrypted-tbn0.gstatic.com/images?q=tbn%3AANd9GcS8gADevyluuP0NkunsXPry4VJoEJi4cs7Vz-zQvfyUdOXhkbaW&usqp=CAU,Taho
https://encrypted-tbn0.gstatic.com/images?q=tbn%3AANd9GcQi5evjLgf4QuWDMruE0ClStlOo0QoyKj5a200u6YcD7XlezB19&usqp=CAU,Taho
https://encrypted-tbn0.gstatic.com/images?q=tbn%3AANd9GcQGy386OTYIYTbSIZ2TLGkiN6XeUps2XjAsxXxs3Ujx9ATDoEzu&usqp=CAU,Taho
https://encrypted-tbn0.gstatic.com/images?q=tbn%3AANd9GcTrQwUZC1wKf6KTlCdboQK3MuG6A8v2QSlybpJ1Otb0Uz3870Z1&usqp=CAU,Taho
https://encrypted-tbn0.gstatic.com/images?q=tbn%3AANd9GcT-BvhEDyUUgtH0Pg5OyZHd0wXjrBTlas4EtF0dgKtjoBgISq6N&usqp=CAU,Taho
https://encrypted-tbn0.gstatic.com/images?q=tbn%3AANd9GcRIpzjE4iUZzscbUYc0-hBHJSHY62FuvLu4n_JoL0q9jme_UGZ3&usqp=CAU,Taho
https://encrypted-tbn0.gstatic.com/images?q=tbn%3AANd9GcQRh6oa5mdWGlwjEdKazazOecqwr4Nr68QYONhWHdRlguy8KwVZ&usqp=CAU,Taho
https://encrypted-tbn0.gstatic.com/images?q=tbn%3AANd9GcT-d7q7mzQau1XpdRvgh7hrB5Axq6F5S-19qAEtnk25Ud2ezwat&usqp=CAU,Taho
https://encrypted-tbn0.gstatic.com/images?q=tbn%3AANd9GcQYS9Wpf0bPGBTpTPTDo9LDqf1n9sItBbZs8ypgmxhcKKu-mGRw&usqp=CAU,Taho
https://encrypted-tbn0.gstatic.com/images?q=tbn%3AANd9GcQddFrfvbHf4DJoQIGklGF8F9wOOOLpDleXZLZ67hfayZRQiCzw&usqp=CAU,Taho
https://encrypted-tbn0.gstatic.com/images?q=tbn%3AANd9GcRqpBBskD7bhyaInh2lRKOpntHjqCRSzdJ2b-U6jIEBzOEJ-1bH&usqp=CAU,Taho
https://encrypted-tbn0.gstatic.com/images?q=tbn%3AANd9GcSwqLh3199F8VysRwzfaZRzBV6P412fQY8TVZHDhvjc26uL9klI&usqp=CAU,Taho
https://encrypted-tbn0.gstatic.com/images?q=tbn%3AANd9GcS-5rmGuytBNeLvBtCD9Odk0WkqUoh6-rsGhBqRaB0hVV52L0z-&usqp=CAU,Taho
https://encrypted-tbn0.gstatic.com/images?q=tbn%3AANd9GcT8Uj1Naf3Yv-d48W0qk9LXdqFlHUBWHYnT7TFCn4YmlM0P7JvU&usqp=CAU,Taho
https://encrypted-tbn0.gstatic.com/images?q=tbn%3AANd9GcQAyyIRy9z3OqsgPNba9kDi-AhIR4rVt4Q54EQUw94JlLX4s0vj&usqp=CAU,Taho
https://encrypted-tbn0.gstatic.com/images?q=tbn%3AANd9GcQAUcB0-eMe3Ng95ip9xdAFicNSECCRpT9bg86vtmHOsz2HjtmQ&usqp=CAU,Taho
https://encrypted-tbn0.gstatic.com/images?q=tbn%3AANd9GcQOAkTaCBIJ2B7dZ0awzmXNU1UHepoZBUH9SpxGoOHovK-SiG77&usqp=CAU,Taho
https://encrypted-tbn0.gstatic.com/images?q=tbn%3AANd9GcS6HJzlRt05ktcz58YFRzF68BAScwy5Wpo_C0_3jJcomZ7ezuj5&usqp=CAU,Taho
https://encrypted-tbn0.gstatic.com/images?q=tbn%3AANd9GcSqmeDVBqMF_h7CnDt4cb9Z89OShNtUqYYYqKEIM76zxIOM6HLf&usqp=CAU,Taho
https://encrypted-tbn0.gstatic.com/images?q=tbn%3AANd9GcSl60h9LXVwICOcw8pdNadbdC08yUd1OPObncycjapW1IlT6MKt&usqp=CAU,Taho
https://encrypted-tbn0.gstatic.com/images?q=tbn%3AANd9GcTfO17dQ5aDHvw4ZbhINA5FT0L3v0f1wcdchBVj-wkXnwJWqQZO&usqp=CAU,Taho
https://encrypted-tbn0.gstatic.com/images?q=tbn%3AANd9GcQ23SzUJGz2uWn6CSwCYqSS_HkudjtJv9BUe88zK9ITvKlG_Pwz&usqp=CAU,Taho
https://encrypted-tbn0.gstatic.com/images?q=tbn%3AANd9GcR-imhfATztjWppRRNo-ySsUg5mIXiEt3n46gPjS6XEG_lLoNP9&usqp=CAU,Taho
https://encrypted-tbn0.gstatic.com/images?q=tbn%3AANd9GcSH2pkQW9BTpO1XHgyeOkEa8m9me_fR5gM9FzGD8Sb58GR6CKKs&usqp=CAU,Taho
https://encrypted-tbn0.gstatic.com/images?q=tbn%3AANd9GcSk7bn6NvPs8rGg0vBHPwBQpn3-5EDaZ8ysLpCYkyAC-2f_7MDg&usqp=CAU,Taho
https://encrypted-tbn0.gstatic.com/images?q=tbn%3AANd9GcSxxar1-U5fmbfPxxEmInF7RG05sYXGbp9YiONSHgfvEOZoFhDW&usqp=CAU,Taho
https://encrypted-tbn0.gstatic.com/images?q=tbn%3AANd9GcT9aisP6pqtKY4AQ63P31cRx77tDiB6jK0qUVlKtnfOptXtYxFm&usqp=CAU,Taho
https://encrypted-tbn0.gstatic.com/images?q=tbn%3AANd9GcSgx8WWgA1JQA6RauRXJwM0AoFIIHcEhyEZPSHih1PWphYDA88o&usqp=CAU,Taho
https://encrypted-tbn0.gstatic.com/images?q=tbn%3AANd9GcRC66VXk2DUTzWVc5ivi2Rd7OLjXIF2WQjG9CfUbLf1wPQNK_Ad&usqp=CAU,Taho
https://encrypted-tbn0.gstatic.com/images?q=tbn%3AANd9GcQg_Mhh9rbf13svh7NzDTM2yusHOBZJVWdV017Ls1Nv_qojFrio&usqp=CAU,Taho
https://encrypted-tbn0.gstatic.com/images?q=tbn%3AANd9GcQv0F0wWCfWazO5iuuXRyTHMyeTwFnsD0hRH7HtP2ATNPIGjCh0&usqp=CAU,Taho
https://encrypted-tbn0.gstatic.com/images?q=tbn%3AANd9GcT6FXulMY3NtHf3f-9wazMGWRMOygwOzndLzIMTYADxkfd-OSJA&usqp=CAU,Taho
https://encrypted-tbn0.gstatic.com/images?q=tbn%3AANd9GcSb311HYdP9ncCPQDfltEKjCaD0i0aLTPLAYqReXowr_L7ve4cD&usqp=CAU,Taho
https://encrypted-tbn0.gstatic.com/images?q=tbn%3AANd9GcTcC0OimZdnGLAHTn8zK3zrs2J0d0M-WUq02ZO_NVMhVKeOQV2u&usqp=CAU,Taho
https://encrypted-tbn0.gstatic.com/images?q=tbn%3AANd9GcTp2xYWEX69PdNuYrRWxbsFVwtxXAXXXs97jQwfOLnZU06Y5LkD&usqp=CAU,Taho
https://encrypted-tbn0.gstatic.com/images?q=tbn%3AANd9GcSUwqAphOzpcwUKzb1MlhfYonLK0NCUIdQLrVup7jvs4-X45yvP&usqp=CAU,Taho
https://encrypted-tbn0.gstatic.com/images?q=tbn%3AANd9GcTqfRjGPsz12d3yZDa28SPyA_J_BT4c4rDMSrFZO7_ZQl4t60sp&usqp=CAU,Taho
https://encrypted-tbn0.gstatic.com/images?q=tbn%3AANd9GcT83PdEpWnW09bjoKlwMlDloon3oY31GCRvadjIcjHyG5au4BP8&usqp=CAU,Taho
https://encrypted-tbn0.gstatic.com/images?q=tbn%3AANd9GcT4E97xB4D-nocKHGRt0R0grKw6RbRa0nmHIuCq0t-d5RFJc8ai&usqp=CAU,Taho
https://encrypted-tbn0.gstatic.com/images?q=tbn%3AANd9GcSQO_MO8-MvnqkPmlYWbA_VP_1ujSjd5EJChC1EFrT8TpMEuZwo&usqp=CAU,Taho
https://encrypted-tbn0.gstatic.com/images?q=tbn%3AANd9GcQhcqsOleYaCFLXRtrBZTmp9lH95qtO-Hb-NGQFZBFj5cVET-PU&usqp=CAU,Taho
https://encrypted-tbn0.gstatic.com/images?q=tbn%3AANd9GcSOLUOEGp-sGF2N4cujLNracuvW7jYYt6LaNaannaYlcw6w3Vl_&usqp=CAU,Taho
https://encrypted-tbn0.gstatic.com/images?q=tbn%3AANd9GcSc-njQEagmlsLthJIfRhyUv7LLYVp5kjsErHvFqe_wsZ-GZxsZ&usqp=CAU,Taho
https://encrypted-tbn0.gstatic.com/images?q=tbn%3AANd9GcSrCHmPXQJ1IA_iS1tSLPveW4N38xZ2tAEDK_ohehyH-kCeGjpx&usqp=CAU,Taho
https://encrypted-tbn0.gstatic.com/images?q=tbn%3AANd9GcRcjd8fvPDzFZIxms4lrsDJ1enoNfIApauBGBQ5EVdaUQObmUkh&usqp=CAU,Taho
https://encrypted-tbn0.gstatic.com/images?q=tbn%3AANd9GcSfaMvIGEfghiy6SNC3ewMqrmfFBLIOxEJ0GeculoD-RCP96pi7&usqp=CAU,Taho
https://encrypted-tbn0.gstatic.com/images?q=tbn%3AANd9GcQt3FF9CyEj3_uhJZRhlWDIIn_A-bZ1h2lVc30unWPANoWrYmY1&usqp=CAU,Taho
https://encrypted-tbn0.gstatic.com/images?q=tbn%3AANd9GcTbIkPfj8Tn-JyI0TZaLnpORDh4njQR-zu2DR9sZ5dmw2pfQ3_N&usqp=CAU,Taho
https://encrypted-tbn0.gstatic.com/images?q=tbn%3AANd9GcQelocld5O7UqrVQK3pF1eUXRsZMhvFrqIF90FZIpAfzvSv0LMl&usqp=CAU,Taho
https://encrypted-tbn0.gstatic.com/images?q=tbn%3AANd9GcTR8UPewxqAfxYudSEvvEmZt-1i3f9udDyVs0ApVZWMFwtBMD_0&usqp=CAU,Taho
https://encrypted-tbn0.gstatic.com/images?q=tbn%3AANd9GcSTVN-2Qml745TwT98Hzw2quD5cRYqcHOV2UypLC2kHd183f6hR&usqp=CAU,Taho
https://encrypted-tbn0.gstatic.com/images?q=tbn%3AANd9GcQW8PQMfJ08beoiUcconSlWSa_QYcjVtPX7xc-6Gl1sVvQ4cxww&usqp=CAU,Taho
https://encrypted-tbn0.gstatic.com/images?q=tbn%3AANd9GcR6shoU_QDfA8DiCA74y9meNI_UL32FOhK5oLaBs51yrUnePYLN&usqp=CAU,Taho
https://encrypted-tbn0.gstatic.com/images?q=tbn%3AANd9GcSxloaL4RWPkkNJfA1yXULJTNZgTeCyanDJh88ziBMdKwlh4fUT&usqp=CAU,Taho
https://encrypted-tbn0.gstatic.com/images?q=tbn%3AANd9GcRQzAlbDDSfG1ehZ6txbfXdeY8NDuEHMWC3pEPq8W0EDt8vZrZy&usqp=CAU,Taho
https://encrypted-tbn0.gstatic.com/images?q=tbn%3AANd9GcQBA-W_AAMY6mvHBfF95JbRSPWAbcnNGf6m4a1sFjCOWqeOMnBo&usqp=CAU,Taho
https://encrypted-tbn0.gstatic.com/images?q=tbn%3AANd9GcQdOLug6YPe0DbLkgbHPNwkVe2kZPrFM3Yp2AYbdtdwD_1YUXQT&usqp=CAU,Taho
https://encrypted-tbn0.gstatic.com/images?q=tbn%3AANd9GcR8XpDA3olU1Pof-8W0BIT-dCoqCadz7XsNmmBwdmfBuSDUun_S&usqp=CAU,Taho
https://encrypted-tbn0.gstatic.com/images?q=tbn%3AANd9GcTf0vK91CZvukuQj8Y-KugOsak6qNsDozxC-Y7R8M--RhEVHU7g&usqp=CAU,Taho
https://encrypted-tbn0.gstatic.com/images?q=tbn%3AANd9GcQ3WLIN0bPByUy4TRiZFNQdKhdQ21po51lQYeIiEXLYCDikxoN2&usqp=CAU,Taho
https://encrypted-tbn0.gstatic.com/images?q=tbn%3AANd9GcTnJRlf28G9XnH5z8wotDLtyU0x4a7N-eKaTfiv1XM5KufAkwoR&usqp=CAU,Taho
https://encrypted-tbn0.gstatic.com/images?q=tbn%3AANd9GcTz-ywrWzYhNS0sIZFBbpNUANwfnl415Jz3BU8n2Qmu0KoctpP_&usqp=CAU,Taho
https://encrypted-tbn0.gstatic.com/images?q=tbn%3AANd9GcT9nhavaF1T0CCGqKeApTwy2uGgZs2GiIMHYQYfGxJP1HsTnQb-&usqp=CAU,Taho
https://encrypted-tbn0.gstatic.com/images?q=tbn%3AANd9GcQvUDmPmNFy7dWH23nQ3FKuA1lI69uvxWGQXErdaZ1hlSVK4X_2&usqp=CAU,Taho
https://encrypted-tbn0.gstatic.com/images?q=tbn%3AANd9GcT3UNlWC3cwjW84mucYuEn_GBdV4uSc7efA95KJ4gaJbXpIed9p&usqp=CAU,Taho
https://encrypted-tbn0.gstatic.com/images?q=tbn%3AANd9GcQU7T7fgpERtgThIS7Vv0S0BQ1Vuk0xyYnszUmOSUmw52POj1OQ&usqp=CAU,Taho
