https://encrypted-tbn0.gstatic.com/images?q=tbn%3AANd9GcQGGmprzf4fJVw80bWiIGaMhNMapuTWYCZjbjGepHNuswifnC_t&usqp=CAU,Turon
https://encrypted-tbn0.gstatic.com/images?q=tbn%3AANd9GcThLjHJwkUnhKgNoT-br3OI0OGgNOb_ZqraXAku1bOQ--DSGfWc&usqp=CAU,Turon
https://encrypted-tbn0.gstatic.com/images?q=tbn%3AANd9GcTTh2n3H-uKTfOUIxDuvyStep45Sp9GaNV8zYc9JiKNBrz9u9p_&usqp=CAU,Turon
https://encrypted-tbn0.gstatic.com/images?q=tbn%3AANd9GcSENex7HCfbyrRAUZIpAZ0ecoADE2S8reZRT3GzcvsRVqc6sm7V&usqp=CAU,Turon
https://encrypted-tbn0.gstatic.com/images?q=tbn%3AANd9GcQjYr_Uj3eabXMxAbDezPvbg1tkjZ2_c0eoFCikXkid0h5oYvRG&usqp=CAU,Turon
https://encrypted-tbn0.gstatic.com/images?q=tbn%3AANd9GcTqCJMf1GRtSuY5X9k3BySUMnshQPWy0ZvWsNIBlD-roanpn5FR&usqp=CAU,Turon
https://encrypted-tbn0.gstatic.com/images?q=tbn%3AANd9GcTzF8VmbyvPqRptAt3qU1hhSjs7gbTI8vFfWQKNkKIANOeoVPhV&usqp=CAU,Turon
https://encrypted-tbn0.gstatic.com/images?q=tbn%3AANd9GcQaXWFB1sUoUrTnQ9CRV_gYHeslGPszYn-2khr2hJZ_gql9UgqA&usqp=CAU,Turon
https://encrypted-tbn0.gstatic.com/images?q=tbn%3AANd9GcTMRDKndmnB_Cw7PsKVVei04S_ulAWY28aInnC2IHNVKaj5APIs&usqp=CAU,Turon
https://encrypted-tbn0.gstatic.com/images?q=tbn%3AANd9GcSgm0v1fieHVQPX8OeLc2dd9mBJQnpFa0imbb4WioGi-kk1aozo&usqp=CAU,Turon
https://encrypted-tbn0.gstatic.com/images?q=tbn%3AANd9GcTPOf5woc-QYBpTFiRaOGgr_7UETVaA2z4paaqF7e9zZgCAieSq&usqp=CAU,Turon
https://encrypted-tbn0.gstatic.com/images?q=tbn%3AANd9GcTJRkCKAH9jMXPpvd2w5Pkn8BfowZaKDMaifonhCB2ahutyiL6a&usqp=CAU,Turon
https://encrypted-tbn0.gstatic.com/images?q=tbn%3AANd9GcQwmfR9W-UwaP9cTeAIUqqqb-vhZ7stpKCSXsKYX2COXvWPTc09&usqp=CAU,Turon
https://encrypted-tbn0.gstatic.com/images?q=tbn%3AANd9GcRXxUKLevfX27zDsLvWgTv4Xo8iRsVVHroZ4vmY6gXcLls-uDbN&usqp=CAU,Turon
https://encrypted-tbn0.gstatic.com/images?q=tbn%3AANd9GcQMm5QHY8qkQ9WoBi6rmmitDL-c5L8xw92y3TijxO5M-oCCQBRu&usqp=CAU,Turon
https://encrypted-tbn0.gstatic.com/images?q=tbn%3AANd9GcT0q657Z0atyoMCU7sXDq2z2Cl7fL8mhoX9EFP3Iy_Ydwi0zTP-&usqp=CAU,Turon
https://encrypted-tbn0.gstatic.com/images?q=tbn%3AANd9GcSeE6HKSxq67maAUDt87rByf7-Y6uivYkAhnoYo0zftFO2J9ADk&usqp=CAU,Turon
https://encrypted-tbn0.gstatic.com/images?q=tbn%3AANd9GcR-BuO7gL4P9fX2V1_8OpAe42Z7o0JEn2JVFpiOhq0NucbK9RaJ&usqp=CAU,Turon
https://encrypted-tbn0.gstatic.com/images?q=tbn%3AANd9GcS6YUrAuhPVWXmKXxPL5hlCD7xbJ18xjp3BTr3el4gS29YA6asq&usqp=CAU,Turon
https://encrypted-tbn0.gstatic.com/images?q=tbn%3AANd9GcQ1XThhbkFwzmsTjsAfyGAsZuSNDAlU1CydgLp82lTS6xuJNiha&usqp=CAU,Turon
https://encrypted-tbn0.gstatic.com/images?q=tbn%3AANd9GcQt6suGmK8Yh5pevn7FhUnFeCLNS5KxfO8t-sICQ4supIqgAy9F&usqp=CAU,Turon
https://encrypted-tbn0.gstatic.com/images?q=tbn%3AANd9GcQ7iX0hY0wxhegW6_C9jhbqfsKXqiHpLmMcs-i2zIEn5PDI18CG&usqp=CAU,Turon
https://encrypted-tbn0.gstatic.com/images?q=tbn%3AANd9GcSJDj4nwJZc2qIPudOTxQ-GfbRcphW10SIDTGPa8GU29vQ2DcIi&usqp=CAU,Turon
https://encrypted-tbn0.gstatic.com/images?q=tbn%3AANd9GcSugq286qvWl00w28VjzW_YXapHslUWBJ5Ae526T8XR-d-73fP2&usqp=CAU,Turon
https://encrypted-tbn0.gstatic.com/images?q=tbn%3AANd9GcRXcVD9koK1AxXRwTjcgVolLcs44C8Ln6_7aleRwLwfcSl5A9LZ&usqp=CAU,Turon
https://encrypted-tbn0.gstatic.com/images?q=tbn%3AANd9GcSlRdy-dN1J0ullLmmeT0azbeJBGQYf7j-K_F3fdd9JwMl0GeY5&usqp=CAU,Turon
https://encrypted-tbn0.gstatic.com/images?q=tbn%3AANd9GcTq3a7vOkEWzrepduyZqsAt7dNkfaFW65FVSfuL-_jOU6Tmo09w&usqp=CAU,Turon
https://encrypted-tbn0.gstatic.com/images?q=tbn%3AANd9GcQCl0oxBla81rzm-SLiP9-Zmg-jPuuJqXz6Z-N78pBGVCYbcpxM&usqp=CAU,Turon
https://encrypted-tbn0.gstatic.com/images?q=tbn%3AANd9GcQU_4T5GkqVFr1cUjLaslU7h82ZTYd1ZukO-AKrOHyykIRIZhqt&usqp=CAU,Turon
https://encrypted-tbn0.gstatic.com/images?q=tbn%3AANd9GcRGMNvlPPBVrSbPE8hPyUnwpFDZjnLTHpueZmXpp0jy_ieEVzqF&usqp=CAU,Turon
https://encrypted-tbn0.gstatic.com/images?q=tbn%3AANd9GcRzLPr3xcwwNebWG_cWD8aq_joclD1izAX0jK1aHGGT_0kso-8X&usqp=CAU,Turon
https://encrypted-tbn0.gstatic.com/images?q=tbn%3AANd9GcQfG2Qx7EMAIsX9u1nOfFbhZkbvghmzvPkkKH8AE62iMrMUyeTv&usqp=CAU,Turon
https://encrypted-tbn0.gstatic.com/images?q=tbn%3AANd9GcT7y0sTh5yyzS5QzEJcIwzcDUIo76QqRPMflnlbDmCHATgxykzg&usqp=CAU,Turon
https://encrypted-tbn0.gstatic.com/images?q=tbn%3AANd9GcRfY3ZzKTg64KMgzWeRfpZIfLXhSkzIgfRXhPDAp2i7zXBtYCAi&usqp=CAU,Turon
https://encrypted-tbn0.gstatic.com/images?q=tbn%3AANd9GcRH15QD4Hr2IV827Q9PK4zX_qdpf7Ofzy2rYi6WZg5kAe2MWjyk&usqp=CAU,Turon
https://encrypted-tbn0.gstatic.com/images?q=tbn%3AANd9GcQnCRYb6J_ysQQrw9nKiEBV7YWGFRH_eGqed89SnYsHR3HH9llr&usqp=CAU,Turon
https://encrypted-tbn0.gstatic.com/images?q=tbn%3AANd9GcQvcb_BWWctGVUMYW7ylWqyfa1fvRTpnHgB2HA8n8G5s0gspJAJ&usqp=CAU,Turon
https://encrypted-tbn0.gstatic.com/images?q=tbn%3AANd9GcRVetoSDFABCm-ZaSN0JjnoROKEjh5O8UUq-rnZsImDvUx2ZfS6&usqp=CAU,Turon
https://encrypted-tbn0.gstatic.com/images?q=tbn%3AANd9GcRJtKuPSPwWaI0CK5FMoLgclmmeD0x3nCDOjTRHWKlEIwSDT1Cj&usqp=CAU,Turon
https://encrypted-tbn0.gstatic.com/images?q=tbn%3AANd9GcThEky6rQ6gcN2bedkiiarE7h16T-Dp6Tt9hDnw8MLUCNAlXjzJ&usqp=CAU,Turon
https://encrypted-tbn0.gstatic.com/images?q=tbn%3AANd9GcQ9Bv-zv7znV4e3wLPLFftNdTkcBeOYIOTlRWXldxLf_aXIyo2_&usqp=CAU,Turon
https://encrypted-tbn0.gstatic.com/images?q=tbn%3AANd9GcS_YiTBoMe7VMEstAres0LZ71ieQ0ga_S_gp9ckPHnENb8vCrcq&usqp=CAU,Turon
https://encrypted-tbn0.gstatic.com/images?q=tbn%3AANd9GcTMizyq305BncR_dHKiJi4-2RDsvNUacM9y1OzrIk4EuhD5V2_w&usqp=CAU,Turon
https://encrypted-tbn0.gstatic.com/images?q=tbn%3AANd9GcSHhB7Kx45dJOv3opQ562uSN9AQfnGlqcM8eh6r6X1tYV-HzCJ-&usqp=CAU,Turon
https://encrypted-tbn0.gstatic.com/images?q=tbn%3AANd9GcSjW6at07xWVzbMX3-4BdDuTquwu-jzXogNTp1feBoTkffd61YR&usqp=CAU,Turon
https://encrypted-tbn0.gstatic.com/images?q=tbn%3AANd9GcSzrPo-V1j7_8B6jCCuB1ZPEYx8gDkHKAvlEjkYNiAeTvCQ-Mw-&usqp=CAU,Turon
https://encrypted-tbn0.gstatic.com/images?q=tbn%3AANd9GcSd1o4Ou9DvfmPn9wNdlVThhayXvb0DDOijhmYhYdnl3FzwQ3ZX&usqp=CAU,Turon
https://encrypted-tbn0.gstatic.com/images?q=tbn%3AANd9GcQ6WketJebPQHiaJchNBWF23aXYRKjsXdgKiPOQzMVHrCyVJI0g&usqp=CAU,Turon
https://encrypted-tbn0.gstatic.com/images?q=tbn%3AANd9GcTuf6tVJZe0UvpCraVYuNYYWSEB2IUrNSeo1qzFZdVIU87vu1Gd&usqp=CAU,Turon
https://encrypted-tbn0.gstatic.com/images?q=tbn%3AANd9GcRc3njkCFjlBM6blUplw1PfbFG-YkC27oZ6yxaKsLKda3T0LkRp&usqp=CAU,Turon
https://encrypted-tbn0.gstatic.com/images?q=tbn%3AANd9GcSIW4Gdsr2Ec6Xjgu5_ONGQ6oNU8TGiOsWnq8MLceuG6KhRJZBH&usqp=CAU,Turon
https://encrypted-tbn0.gstatic.com/images?q=tbn%3AANd9GcRrdVoGDSrT8o253RC7-5WMGjSJe6ZS3XkcJiNda3EwgM3Vugqd&usqp=CAU,Turon
https://encrypted-tbn0.gstatic.com/images?q=tbn%3AANd9GcR2eKyTPjBW_5VZ7XuK4jxxgexB6_jnTq4z_zeqrmn8cBfrZivg&usqp=CAU,Turon
https://encrypted-tbn0.gstatic.com/images?q=tbn%3AANd9GcQd5Vw7SQB400ZNzVkZWbUq9gn5UDDEEA0Ixn3-fQn3sx9kA0eA&usqp=CAU,Turon
https://encrypted-tbn0.gstatic.com/images?q=tbn%3AANd9GcR-gk9vMQZ6Nmm276Ymqzq5j51thygFRuSSHMPhQoYiGT5KHauW&usqp=CAU,Turon
https://encrypted-tbn0.gstatic.com/images?q=tbn%3AANd9GcT67FkJJvqOwgP-__uS9BfCJj5KikRibYGMeMP16X6c9nCqQ9oc&usqp=CAU,Turon
https://encrypted-tbn0.gstatic.com/images?q=tbn%3AANd9GcSOc1GVKUWB0uKfA0WUZT35DjdPb5hh-SSUfOfuCSBmGdJiVn2-&usqp=CAU,Turon
https://encrypted-tbn0.gstatic.com/images?q=tbn%3AANd9GcRDe0hm615bDmIx_h8l1V8PB_9bt2g_mIiP5UCeyHTUePULqYpu&usqp=CAU,Turon
https://encrypted-tbn0.gstatic.com/images?q=tbn%3AANd9GcTXxTUgBRMUyVvyCEqBjVh2d2tmJZ_6beTd14IZcYo2XMxd-RBi&usqp=CAU,Turon
https://encrypted-tbn0.gstatic.com/images?q=tbn%3AANd9GcT3-88w-vw8dMP_Mb1Ry8t36kmqcnJkP6l0fmsY58xWpjJTAIg-&usqp=CAU,Turon
https://encrypted-tbn0.gstatic.com/images?q=tbn%3AANd9GcSfFgxNwG8Lz6xhn7WEfXaEegfwdiAJL3V-pHlZkD-OFFnAPTg8&usqp=CAU,Turon
https://encrypted-tbn0.gstatic.com/images?q=tbn%3AANd9GcSUu7SJNjAKHrwRaXZkwlEyVnqheuH7kWb9gOnZxTwhAfjAOa6r&usqp=CAU,Turon
https://encrypted-tbn0.gstatic.com/images?q=tbn%3AANd9GcSANcQlYYYqS0re9HUVS5Ieh3yiIA_NKUhw3LYQejARxObVq54x&usqp=CAU,Turon
https://encrypted-tbn0.gstatic.com/images?q=tbn%3AANd9GcQntTwtKnc0AXBboSE8Yn7xWyVz8U3xi42KcmfDpUM-Njpc7qzA&usqp=CAU,Turon
https://encrypted-tbn0.gstatic.com/images?q=tbn%3AANd9GcRb-M4hYRVHd9-2KU6OBCaw9IOWgkIAmNRe5kNOui3LZZkZXXpf&usqp=CAU,Turon
https://encrypted-tbn0.gstatic.com/images?q=tbn%3AANd9GcSSRQwX4fqiDBIACLph7XGAIyncAg2uVJ-z9xMfs3Dr6ngo_ZFc&usqp=CAU,Turon
https://encrypted-tbn0.gstatic.com/images?q=tbn%3AANd9GcSzS1NA8jWnOGVrReOVWvqhdv-tjnUZCc23o-PTYlk-ukzf8Al2&usqp=CAU,Turon
https://encrypted-tbn0.gstatic.com/images?q=tbn%3AANd9GcSDZrUQxSQHdzqt-rS7VqBgq7bXQ-_kIPaS1LDOOkr9dJEWlVQo&usqp=CAU,Turon
https://encrypted-tbn0.gstatic.com/images?q=tbn%3AANd9GcQ_RY4zFeDhZYzGZpP6AIvJt0fRBTcUjvItFWH3Zbied4ornFIE&usqp=CAU,Turon
https://encrypted-tbn0.gstatic.com/images?q=tbn%3AANd9GcSIS_9mVOx5hQyh2-ucbN-f6ZDW_ntcrB29OvQLCpQ6IfgSYzmo&usqp=CAU,Turon
https://encrypted-tbn0.gstatic.com/images?q=tbn%3AANd9GcSX5dBGkOZCGKSvjai3lMbYeVmCXB-rWgfd2LY2LOSQwvfO43fS&usqp=CAU,Turon
https://encrypted-tbn0.gstatic.com/images?q=tbn%3AANd9GcQDlefRaMN8cmUQVn8ipeWHhwid_ACmtcJA8x7kD5RcdJLjO_uL&usqp=CAU,Turon
https://encrypted-tbn0.gstatic.com/images?q=tbn%3AANd9GcQmIGyGXWAAgKDTpJOGLMgUDv3ZdKdierHC6n2vOefEcshDsk1Q&usqp=CAU,Turon
https://encrypted-tbn0.gstatic.com/images?q=tbn%3AANd9GcTsyPSNerKZC3tL9AZEtmaiRI0fMX5MgUhKLxLr8jUAgQIXYK-Q&usqp=CAU,Turon
https://encrypted-tbn0.gstatic.com/images?q=tbn%3AANd9GcQln_AUblOklnoUTRu4oKgnitpi2BlyVczhAdsG1KGmK6msBP6j&usqp=CAU,Turon
https://encrypted-tbn0.gstatic.com/images?q=tbn%3AANd9GcS3WzaMkYPHT2kE0R52eLlo2CkT3p-43f7NOACftEcpRPawjtHz&usqp=CAU,Turon
https://encrypted-tbn0.gstatic.com/images?q=tbn%3AANd9GcSd12H60Z66dpyDkDvVEJSi6PF0YPCTu-7_rWMBeYeBN7ZJS2w6&usqp=CAU,Turon
https://encrypted-tbn0.gstatic.com/images?q=tbn%3AANd9GcSzAzbQpWXjvutR52MoTRMTAHWTYGekHrKIGrLa_nv9CXnaIWp1&usqp=CAU,Turon
https://encrypted-tbn0.gstatic.com/images?q=tbn%3AANd9GcQ0pFHCK0AMkNDvXxTEfc8MaLWsEU9xJTAyhZENejbBBGb8eNIW&usqp=CAU,Turon
https://encrypted-tbn0.gstatic.com/images?q=tbn%3AANd9GcQ8_TCayPPAW7oRWLKks9trVM31lB0YysfPjh8tTjmivXHVZVsc&usqp=CAU,Turon
https://encrypted-tbn0.gstatic.com/images?q=tbn%3AANd9GcRTrrHw4HLJ4tG4LnKHM835rFDeFIxGH9mcXon-2XIakMAsL_lk&usqp=CAU,Turon
https://encrypted-tbn0.gstatic.com/images?q=tbn%3AANd9GcSZlfA-xCW2pWzBaL_PQeQl1KxdCp7OIwMKHQgLWxBooYt30JVK&usqp=CAU,Turon
https://encrypted-tbn0.gstatic.com/images?q=tbn%3AANd9GcQ5PqUhsJ4R1PnN9mvk731XHiywMuGj9QrCTrYV6gCbnSAp2Vrf&usqp=CAU,Turon
https://encrypted-tbn0.gstatic.com/images?q=tbn%3AANd9GcQ32fU1nKVzch3MDzfPVgjY_2DFDkmdP0HbNUO5VUICn10tyLA_&usqp=CAU,Turon
https://encrypted-tbn0.gstatic.com/images?q=tbn%3AANd9GcRUohVKNzPsd454bS8gPMgFPNBbKTrhIQfKQc1fC7shAXGG1VpC&usqp=CAU,Turon
https://encrypted-tbn0.gstatic.com/images?q=tbn%3AANd9GcQ-Dy9TYOoW2VHFKVLXq71knwUqCcjbtTk0POX0GiuF-ar-VjLs&usqp=CAU,Turon
https://encrypted-tbn0.gstatic.com/images?q=tbn%3AANd9GcQ6hxOpXp-x6z9rThQkfDH3RXt_JTBVXwfUXy1WdQbba7MqBF-z&usqp=CAU,Turon
https://encrypted-tbn0.gstatic.com/images?q=tbn%3AANd9GcTOW9mBGBWNX9UH2FvZx9YTaMMgA8r_FkQNGBPXz9Z2j99GFX40&usqp=CAU,Turon
https://encrypted-tbn0.gstatic.com/images?q=tbn%3AANd9GcTBuxlkC4TtxWosBzuF2NWoE4AzEeEMIHSXh3J_nVzzoDcBPecp&usqp=CAU,Turon
https://encrypted-tbn0.gstatic.com/images?q=tbn%3AANd9GcT0xiaI49NL4NcqI4_QtOwPlkxonRaD6LIG4sgOQmUW2Y9pJFZb&usqp=CAU,Turon
https://encrypted-tbn0.gstatic.com/images?q=tbn%3AANd9GcSP3XDaePvY4aod6bTkZhshU642xbvRNcqFMjt-etuaYewVEHfK&usqp=CAU,Turon
https://encrypted-tbn0.gstatic.com/images?q=tbn%3AANd9GcRupXNZHHfEjmiYIbEXVyX5q9eXaCysWeg9QAf5_LIo0n8tFfBN&usqp=CAU,Turon
https://encrypted-tbn0.gstatic.com/images?q=tbn%3AANd9GcRp7ro8poB1MLKxP22AoVbkG_8PW8ODihgdnEvmnNV9EQt3JKMg&usqp=CAU,Turon
https://encrypted-tbn0.gstatic.com/images?q=tbn%3AANd9GcRlq9ZOak272lsIVhVzN4sKAm_jVOvR0htfgmzyuF8qwpTii06o&usqp=CAU,Turon
https://encrypted-tbn0.gstatic.com/images?q=tbn%3AANd9GcS0ttu2gWWLByufUWrJp346HD1XzJvG0cbIOx--EZlQGKFYUMLo&usqp=CAU,Turon
https://encrypted-tbn0.gstatic.com/images?q=tbn%3AANd9GcQrOWKb2Hl50lP3YIw58VDHGrcW7YbUngvoxHAHoWF82r3D9ps1&usqp=CAU,Turon
https://encrypted-tbn0.gstatic.com/images?q=tbn%3AANd9GcQnM18-f7t4JUXcp2a0l9BL9ZfXJoF4qKRgEbXvM6dtF-ZWJSek&usqp=CAU,Turon
https://encrypted-tbn0.gstatic.com/images?q=tbn%3AANd9GcS06nFdGyrnECaY5BN1tMZudSxbSs7snB6dxCIJmzZOD4Uic6lA&usqp=CAU,Turon
https://encrypted-tbn0.gstatic.com/images?q=tbn%3AANd9GcRYVCmwPqZ78Vh-d8if1EHs2rSOlWnObeyemi_-o5HAaZdEdrBd&usqp=CAU,Turon
https://encrypted-tbn0.gstatic.com/images?q=tbn%3AANd9GcRV2Dvv-DweDh7GZVvDZ09Qobvm1JSibSPVFr_R9wmkgc9gOjbN&usqp=CAU,Turon
https://encrypted-tbn0.gstatic.com/images?q=tbn%3AANd9GcSevVEn6Yw6v3_Q8hkG8kxNN8b_QD6pRaInNtDPpkgaepVo7oh2&usqp=CAU,Turon
https://encrypted-tbn0.gstatic.com/images?q=tbn%3AANd9GcSG3GKzQOvqnKcsCnR7fTAzbLc1DCkRjMcO1fs9Wh71URdF-Vka&usqp=CAU,Turon
https://encrypted-tbn0.gstatic.com/images?q=tbn%3AANd9GcSBq6T1FTV4m1tmxDowoXFMRB1_3aLjOxr9mleUrS9fzQMbqOXN&usqp=CAU,Turon
https://encrypted-tbn0.gstatic.com/images?q=tbn%3AANd9GcQTFEHGmlwM46prqzaXEXOmIo4kxNLnUsQ41egQ8wtg74qrFtuW&usqp=CAU,Turon
https://encrypted-tbn0.gstatic.com/images?q=tbn%3AANd9GcRDJ_DPXTYJlm2UOSbtRKFG5Qj67RVvevHSbXy1L910jfFWxiM0&usqp=CAU,Turon
https://encrypted-tbn0.gstatic.com/images?q=tbn%3AANd9GcSrlPrrax02IYmb8Ko3ShkuOtD5woJGAasctB16ySq-8n2jahZZ&usqp=CAU,Turon
https://encrypted-tbn0.gstatic.com/images?q=tbn%3AANd9GcRRyUDMa_ru27PiCagfXcrYKqvQ-JhlV8cBEw32TTqoaki4rka9&usqp=CAU,Turon
https://encrypted-tbn0.gstatic.com/images?q=tbn%3AANd9GcTidby9GutKk8lOHL4SZidBbiB3nzYG3uL5OaDEOJ7D5K3J2x__&usqp=CAU,Turon
