image_125.jpg,Arroz Caldo
image_126.jpg,Arroz Caldo
image_127.jpg,Arroz Caldo
image_128.jpg,Arroz Caldo
image_129.jpg,Arroz Caldo
image_130.jpg,Arroz Caldo
image_131.jpg,Arroz Caldo
image_132.jpg,Arroz Caldo
image_133.jpg,Arroz Caldo
image_134.jpg,Arroz Caldo
image_135.jpg,Arroz Caldo
image_136.jpg,Arroz Caldo
image_137.jpg,Arroz Caldo
image_138.jpg,Arroz Caldo
image_139.jpg,Arroz Caldo
image_140.jpg,Arroz Caldo
image_141.jpg,Arroz Caldo
image_142.jpg,Arroz Caldo
image_143.jpg,Arroz Caldo
image_144.jpg,Arroz Caldo
image_145.jpg,Arroz Caldo
image_146.jpg,Arroz Caldo
image_147.jpg,Arroz Caldo
image_148.jpg,Arroz Caldo
image_149.jpg,Arroz Caldo
image_150.jpg,Arroz Caldo
image_151.jpg,Arroz Caldo
image_152.jpg,Arroz Caldo
image_153.jpg,Arroz Caldo
image_154.jpg,Arroz Caldo
image_155.jpg,Arroz Caldo
image_156.jpg,Arroz Caldo
image_157.jpg,Arroz Caldo
image_158.jpg,Arroz Caldo
image_159.jpg,Arroz Caldo
image_160.jpg,Arroz Caldo
image_161.jpg,Arroz Caldo
image_162.jpg,Arroz Caldo
image_163.jpg,Arroz Caldo
image_164.jpg,Arroz Caldo
image_165.jpg,Arroz Caldo
image_166.jpg,Arroz Caldo
image_167.jpg,Arroz Caldo
image_168.jpg,Arroz Caldo
image_169.jpg,Arroz Caldo
image_170.jpg,Arroz Caldo
image_171.jpg,Arroz Caldo
image_172.jpg,Arroz Caldo
image_173.jpg,Arroz Caldo
image_174.jpg,Arroz Caldo
image_175.jpg,Arroz Caldo
image_176.jpg,Arroz Caldo
image_177.jpg,Arroz Caldo
image_178.jpg,Arroz Caldo
image_179.jpg,Arroz Caldo
image_180.jpg,Arroz Caldo
image_181.jpg,Arroz Caldo
image_182.jpg,Arroz Caldo
image_183.jpg,Arroz Caldo
image_184.jpg,Arroz Caldo
image_185.jpg,Arroz Caldo
image_186.jpg,Arroz Caldo
image_187.jpg,Arroz Caldo
image_188.jpg,Arroz Caldo
image_189.jpg,Arroz Caldo
image_190.jpg,Arroz Caldo
image_191.jpg,Arroz Caldo
image_192.jpg,Arroz Caldo
image_193.jpg,Arroz Caldo
image_194.jpg,Arroz Caldo
image_195.jpg,Arroz Caldo
image_196.jpg,Arroz Caldo
image_197.jpg,Arroz Caldo
image_198.jpg,Arroz Caldo
image_199.jpg,Arroz Caldo
image_200.jpg,Arroz Caldo
image_201.jpg,Arroz Caldo
image_202.jpg,Arroz Caldo
image_203.jpg,Arroz Caldo
image_204.jpg,Arroz Caldo
image_205.jpg,Arroz Caldo
image_206.jpg,Arroz Caldo
image_207.jpg,Arroz Caldo
image_208.jpg,Arroz Caldo
image_209.jpg,Arroz Caldo
image_210.jpg,Arroz Caldo
image_211.jpg,Arroz Caldo
image_212.jpg,Arroz Caldo
image_213.jpg,Arroz Caldo
image_214.jpg,Arroz Caldo
image_215.jpg,Arroz Caldo
image_216.jpg,Arroz Caldo
image_217.jpg,Arroz Caldo
image_218.jpg,Arroz Caldo
image_219.jpg,Arroz Caldo
image_220.jpg,Arroz Caldo
image_221.jpg,Arroz Caldo
image_222.jpg,Arroz Caldo
image_223.jpg,Arroz Caldo
image_224.jpg,Arroz Caldo
image_225.jpg,Arroz Caldo
image_226.jpg,Arroz Caldo
image_227.jpg,Arroz Caldo
image_228.jpg,Arroz Caldo
image_229.jpg,Arroz Caldo
image_230.jpg,Arroz Caldo
image_231.jpg,Arroz Caldo
image_232.jpg,Arroz Caldo
image_233.jpg,Arroz Caldo
image_234.jpg,Arroz Caldo
image_235.jpg,Arroz Caldo
image_236.jpg,Arroz Caldo
image_237.jpg,Arroz Caldo
image_238.jpg,Arroz Caldo
image_239.jpg,Arroz Caldo
image_240.jpg,Arroz Caldo
image_241.jpg,Arroz Caldo
image_242.jpg,Arroz Caldo
image_243.jpg,Arroz Caldo
image_244.jpg,Arroz Caldo
image_245.jpg,Arroz Caldo
image_246.jpg,Arroz Caldo
image_247.jpg,Arroz Caldo
image_248.jpg,Arroz Caldo
image_249.jpg,Arroz Caldo
image_250.jpg,Arroz Caldo
image_251.jpg,Arroz Caldo
image_252.jpg,Arroz Caldo
image_253.jpg,Arroz Caldo
image_254.jpg,Arroz Caldo
image_255.jpg,Arroz Caldo
image_256.jpg,Arroz Caldo
image_257.jpg,Arroz Caldo
image_258.jpg,Arroz Caldo
image_259.jpg,Arroz Caldo
image_260.jpg,Arroz Caldo
image_261.jpg,Arroz Caldo
image_262.jpg,Arroz Caldo
image_263.jpg,Arroz Caldo
image_264.jpg,Arroz Caldo
image_265.jpg,Arroz Caldo
image_266.jpg,Arroz Caldo
image_267.jpg,Arroz Caldo
image_268.jpg,Arroz Caldo
image_269.jpg,Arroz Caldo
image_270.jpg,Arroz Caldo
image_271.jpg,Arroz Caldo
image_272.jpg,Arroz Caldo
image_273.jpg,Arroz Caldo
image_274.jpg,Arroz Caldo
image_275.jpg,Arroz Caldo
image_276.jpg,Arroz Caldo
image_277.jpg,Arroz Caldo
image_278.jpg,Arroz Caldo
