image_279.jpg,Bagnet/Crispy Pata
image_280.jpg,Bagnet/Crispy Pata
image_281.jpg,Bagnet/Crispy Pata
image_282.jpg,Bagnet/Crispy Pata
image_283.jpg,Bagnet/Crispy Pata
image_284.jpg,Bagnet/Crispy Pata
image_285.jpg,Bagnet/Crispy Pata
image_286.jpg,Bagnet/Crispy Pata
image_287.jpg,Bagnet/Crispy Pata
image_288.jpg,Bagnet/Crispy Pata
image_289.jpg,Bagnet/Crispy Pata
image_290.jpg,Bagnet/Crispy Pata
image_291.jpg,Bagnet/Crispy Pata
image_292.jpg,Bagnet/Crispy Pata
image_293.jpg,Bagnet/Crispy Pata
image_294.jpg,Bagnet/Crispy Pata
image_295.jpg,Bagnet/Crispy Pata
image_296.jpg,Bagnet/Crispy Pata
image_297.jpg,Bagnet/Crispy Pata
image_298.jpg,Bagnet/Crispy Pata
image_299.jpg,Bagnet/Crispy Pata
image_300.jpg,Bagnet/Crispy Pata
image_301.jpg,Bagnet/Crispy Pata
image_302.jpg,Bagnet/Crispy Pata
image_303.jpg,Bagnet/Crispy Pata
image_304.jpg,Bagnet/Crispy Pata
image_305.jpg,Bagnet/Crispy Pata
image_306.jpg,Bagnet/Crispy Pata
image_307.jpg,Bagnet/Crispy Pata
image_308.jpg,Bagnet/Crispy Pata
image_309.jpg,Bagnet/Crispy Pata
image_310.jpg,Bagnet/Crispy Pata
image_311.jpg,Bagnet/Crispy Pata
image_312.jpg,Bagnet/Crispy Pata
image_313.jpg,Bagnet/Crispy Pata
image_314.jpg,Bagnet/Crispy Pata
image_315.jpg,Bagnet/Crispy Pata
image_316.jpg,Bagnet/Crispy Pata
image_317.jpg,Bagnet/Crispy Pata
image_318.jpg,Bagnet/Crispy Pata
image_319.jpg,Bagnet/Crispy Pata
image_320.jpg,Bagnet/Crispy Pata
image_321.jpg,Bagnet/Crispy Pata
image_322.jpg,Bagnet/Crispy Pata
image_323.jpg,Bagnet/Crispy Pata
image_324.jpg,Bagnet/Crispy Pata
image_325.jpg,Bagnet/Crispy Pata
image_326.jpg,Bagnet/Crispy Pata
image_327.jpg,Bagnet/Crispy Pata
image_328.jpg,Bagnet/Crispy Pata
image_329.jpg,Bagnet/Crispy Pata
image_330.jpg,Bagnet/Crispy Pata
image_331.jpg,Bagnet/Crispy Pata
image_332.jpg,Bagnet/Crispy Pata
image_333.jpg,Bagnet/Crispy Pata
image_334.jpg,Bagnet/Crispy Pata
image_335.jpg,Bagnet/Crispy Pata
image_336.jpg,Bagnet/Crispy Pata
image_337.jpg,Bagnet/Crispy Pata
image_338.jpg,Bagnet/Crispy Pata
image_339.jpg,Bagnet/Crispy Pata
image_340.jpg,Bagnet/Crispy Pata
image_341.jpg,Bagnet/Crispy Pata
