image_591.jpg,Bistek Tagalog
image_592.jpg,Bistek Tagalog
image_593.jpg,Bistek Tagalog
image_594.jpg,Bistek Tagalog
image_595.jpg,Bistek Tagalog
image_596.jpg,Bistek Tagalog
image_597.jpg,Bistek Tagalog
image_598.jpg,Bistek Tagalog
image_599.jpg,Bistek Tagalog
image_600.jpg,Bistek Tagalog
image_601.jpg,Bistek Tagalog
image_602.jpg,Bistek Tagalog
image_603.jpg,Bistek Tagalog
image_604.jpg,Bistek Tagalog
image_605.jpg,Bistek Tagalog
image_606.jpg,Bistek Tagalog
image_607.jpg,Bistek Tagalog
image_608.jpg,Bistek Tagalog
image_609.jpg,Bistek Tagalog
image_610.jpg,Bistek Tagalog
image_611.jpg,Bistek Tagalog
image_612.jpg,Bistek Tagalog
image_613.jpg,Bistek Tagalog
image_614.jpg,Bistek Tagalog
image_615.jpg,Bistek Tagalog
image_616.jpg,Bistek Tagalog
image_617.jpg,Bistek Tagalog
image_618.jpg,Bistek Tagalog
image_619.jpg,Bistek Tagalog
image_620.jpg,Bistek Tagalog
image_621.jpg,Bistek Tagalog
image_622.jpg,Bistek Tagalog
image_623.jpg,Bistek Tagalog
image_624.jpg,Bistek Tagalog
image_625.jpg,Bistek Tagalog
image_626.jpg,Bistek Tagalog
image_627.jpg,Bistek Tagalog
image_628.jpg,Bistek Tagalog
image_629.jpg,Bistek Tagalog
image_630.jpg,Bistek Tagalog
image_631.jpg,Bistek Tagalog
image_632.jpg,Bistek Tagalog
image_633.jpg,Bistek Tagalog
image_634.jpg,Bistek Tagalog
image_635.jpg,Bistek Tagalog
image_636.jpg,Bistek Tagalog
image_637.jpg,Bistek Tagalog
image_638.jpg,Bistek Tagalog
image_639.jpg,Bistek Tagalog
image_640.jpg,Bistek Tagalog
image_641.jpg,Bistek Tagalog
image_642.jpg,Bistek Tagalog
image_643.jpg,Bistek Tagalog
image_644.jpg,Bistek Tagalog
image_645.jpg,Bistek Tagalog
image_646.jpg,Bistek Tagalog
image_647.jpg,Bistek Tagalog
image_648.jpg,Bistek Tagalog
image_649.jpg,Bistek Tagalog
image_650.jpg,Bistek Tagalog
image_651.jpg,Bistek Tagalog
image_652.jpg,Bistek Tagalog
image_653.jpg,Bistek Tagalog
image_654.jpg,Bistek Tagalog
image_655.jpg,Bistek Tagalog
image_656.jpg,Bistek Tagalog
image_657.jpg,Bistek Tagalog
image_658.jpg,Bistek Tagalog
image_659.jpg,Bistek Tagalog
image_660.jpg,Bistek Tagalog
image_661.jpg,Bistek Tagalog
image_662.jpg,Bistek Tagalog
image_663.jpg,Bistek Tagalog
image_664.jpg,Bistek Tagalog
image_665.jpg,Bistek Tagalog
image_666.jpg,Bistek Tagalog
image_667.jpg,Bistek Tagalog
image_668.jpg,Bistek Tagalog
image_669.jpg,Bistek Tagalog
image_670.jpg,Bistek Tagalog
image_671.jpg,Bistek Tagalog
image_672.jpg,Bistek Tagalog
image_673.jpg,Bistek Tagalog
image_674.jpg,Bistek Tagalog
image_675.jpg,Bistek Tagalog
image_676.jpg,Bistek Tagalog
image_677.jpg,Bistek Tagalog
image_678.jpg,Bistek Tagalog
image_679.jpg,Bistek Tagalog
image_680.jpg,Bistek Tagalog
image_681.jpg,Bistek Tagalog
image_682.jpg,Bistek Tagalog
image_683.jpg,Bistek Tagalog
image_684.jpg,Bistek Tagalog
image_685.jpg,Bistek Tagalog
image_686.jpg,Bistek Tagalog
image_687.jpg,Bistek Tagalog
image_688.jpg,Bistek Tagalog
image_689.jpg,Bistek Tagalog
image_690.jpg,Bistek Tagalog
image_691.jpg,Bistek Tagalog
image_692.jpg,Bistek Tagalog
image_693.jpg,Bistek Tagalog
image_694.jpg,Bistek Tagalog
image_695.jpg,Bistek Tagalog
image_696.jpg,Bistek Tagalog
image_697.jpg,Bistek Tagalog
image_698.jpg,Bistek Tagalog
image_699.jpg,Bistek Tagalog
image_700.jpg,Bistek Tagalog
image_701.jpg,Bistek Tagalog
image_702.jpg,Bistek Tagalog
image_703.jpg,Bistek Tagalog
image_704.jpg,Bistek Tagalog
image_705.jpg,Bistek Tagalog
