image_983.jpg,Chicken Adobo
image_984.jpg,Chicken Adobo
image_985.jpg,Chicken Adobo
image_986.jpg,Chicken Adobo
image_987.jpg,Chicken Adobo
image_988.jpg,Chicken Adobo
image_989.jpg,Chicken Adobo
image_990.jpg,Chicken Adobo
image_991.jpg,Chicken Adobo
image_992.jpg,Chicken Adobo
image_993.jpg,Chicken Adobo
image_994.jpg,Chicken Adobo
image_995.jpg,Chicken Adobo
image_996.jpg,Chicken Adobo
image_997.jpg,Chicken Adobo
image_998.jpg,Chicken Adobo
image_999.jpg,Chicken Adobo
image_1000.jpg,Chicken Adobo
image_1001.jpg,Chicken Adobo
image_1002.jpg,Chicken Adobo
image_1003.jpg,Chicken Adobo
image_1004.jpg,Chicken Adobo
image_1005.jpg,Chicken Adobo
image_1006.jpg,Chicken Adobo
image_1007.jpg,Chicken Adobo
image_1008.jpg,Chicken Adobo
image_1009.jpg,Chicken Adobo
image_1010.jpg,Chicken Adobo
image_1011.jpg,Chicken Adobo
image_1012.jpg,Chicken Adobo
image_1013.jpg,Chicken Adobo
image_1014.jpg,Chicken Adobo
image_1015.jpg,Chicken Adobo
image_1016.jpg,Chicken Adobo
image_1017.jpg,Chicken Adobo
image_1018.jpg,Chicken Adobo
image_1019.jpg,Chicken Adobo
image_1020.jpg,Chicken Adobo
image_1021.jpg,Chicken Adobo
image_1022.jpg,Chicken Adobo
image_1023.jpg,Chicken Adobo
image_1024.jpg,Chicken Adobo
image_1025.jpg,Chicken Adobo
image_1026.jpg,Chicken Adobo
image_1027.jpg,Chicken Adobo
image_1028.jpg,Chicken Adobo
image_1029.jpg,Chicken Adobo
image_1030.jpg,Chicken Adobo
image_1031.jpg,Chicken Adobo
image_1032.jpg,Chicken Adobo
image_1033.jpg,Chicken Adobo
image_1034.jpg,Chicken Adobo
image_1035.jpg,Chicken Adobo
image_1036.jpg,Chicken Adobo
image_1037.jpg,Chicken Adobo
image_1038.jpg,Chicken Adobo
image_1039.jpg,Chicken Adobo
image_1040.jpg,Chicken Adobo
image_1041.jpg,Chicken Adobo
image_1042.jpg,Chicken Adobo
image_1043.jpg,Chicken Adobo
image_1044.jpg,Chicken Adobo
image_1045.jpg,Chicken Adobo
image_1046.jpg,Chicken Adobo
image_1047.jpg,Chicken Adobo
image_1048.jpg,Chicken Adobo
image_1049.jpg,Chicken Adobo
image_1050.jpg,Chicken Adobo
image_1051.jpg,Chicken Adobo
image_1052.jpg,Chicken Adobo
image_1053.jpg,Chicken Adobo
image_1054.jpg,Chicken Adobo
image_1055.jpg,Chicken Adobo
image_1056.jpg,Chicken Adobo
image_1057.jpg,Chicken Adobo
image_1058.jpg,Chicken Adobo
image_1059.jpg,Chicken Adobo
image_1060.jpg,Chicken Adobo
image_1061.jpg,Chicken Adobo
image_1062.jpg,Chicken Adobo
image_1063.jpg,Chicken Adobo
image_1064.jpg,Chicken Adobo
image_1065.jpg,Chicken Adobo
image_1066.jpg,Chicken Adobo
image_1067.jpg,Chicken Adobo
image_1068.jpg,Chicken Adobo
image_1069.jpg,Chicken Adobo
image_1070.jpg,Chicken Adobo
image_1071.jpg,Chicken Adobo
image_1072.jpg,Chicken Adobo
image_1073.jpg,Chicken Adobo
image_1074.jpg,Chicken Adobo
image_1075.jpg,Chicken Adobo
image_1076.jpg,Chicken Adobo
image_1077.jpg,Chicken Adobo
image_1078.jpg,Chicken Adobo
image_1079.jpg,Chicken Adobo
image_1080.jpg,Chicken Adobo
image_1081.jpg,Chicken Adobo
image_1082.jpg,Chicken Adobo
image_1083.jpg,Chicken Adobo
image_1084.jpg,Chicken Adobo
image_1085.jpg,Chicken Adobo
image_1086.jpg,Chicken Adobo
image_1087.jpg,Chicken Adobo
image_1088.jpg,Chicken Adobo
image_1089.jpg,Chicken Adobo
image_1090.jpg,Chicken Adobo
image_1091.jpg,Chicken Adobo
image_1092.jpg,Chicken Adobo
image_1093.jpg,Chicken Adobo
image_1094.jpg,Chicken Adobo
image_1095.jpg,Chicken Adobo
image_1096.jpg,Chicken Adobo
image_1097.jpg,Chicken Adobo
image_1098.jpg,Chicken Adobo
image_1099.jpg,Chicken Adobo
image_1100.jpg,Chicken Adobo
image_1101.jpg,Chicken Adobo
image_1102.jpg,Chicken Adobo
image_1103.jpg,Chicken Adobo
image_1104.jpg,Chicken Adobo
image_1105.jpg,Chicken Adobo
image_1106.jpg,Chicken Adobo
