https://encrypted-tbn0.gstatic.com/images?q=tbn%    3AANd9GcQ5sdNSxRn4WJ8Ciq03LWruWSFBO6gn9bPE4x2OpthxtqsdWi0K&usqp=CAU,Halo-halo
image_1320.jpg,Halo-halo
image_1321.jpg,Halo-halo
image_1322.jpg,Halo-halo
image_1323.jpg,Halo-halo
image_1324.jpg,Halo-halo
image_1325.jpg,Halo-halo
image_1326.jpg,Halo-halo
image_1327.jpg,Halo-halo
image_1328.jpg,Halo-halo
image_1329.jpg,Halo-halo
image_1330.jpg,Halo-halo
image_1331.jpg,Halo-halo
image_1332.jpg,Halo-halo
image_1333.jpg,Halo-halo
image_1334.jpg,Halo-halo
image_1335.jpg,Halo-halo
image_1336.jpg,Halo-halo
image_1337.jpg,Halo-halo
image_1338.jpg,Halo-halo
image_1339.jpg,Halo-halo
image_1340.jpg,Halo-halo
image_1341.jpg,Halo-halo
image_1342.jpg,Halo-halo
image_1343.jpg,Halo-halo
image_1344.jpg,Halo-halo
image_1345.jpg,Halo-halo
image_1346.jpg,Halo-halo
image_1347.jpg,Halo-halo
image_1348.jpg,Halo-halo
image_1349.jpg,Halo-halo
image_1350.jpg,Halo-halo
image_1351.jpg,Halo-halo
image_1352.jpg,Halo-halo
image_1353.jpg,Halo-halo
image_1354.jpg,Halo-halo
image_1355.jpg,Halo-halo
image_1356.jpg,Halo-halo
image_1357.jpg,Halo-halo
image_1358.jpg,Halo-halo
image_1359.jpg,Halo-halo
image_1360.jpg,Halo-halo
image_1361.jpg,Halo-halo
image_1362.jpg,Halo-halo
image_1363.jpg,Halo-halo
image_1364.jpg,Halo-halo
image_1365.jpg,Halo-halo
image_1366.jpg,Halo-halo
image_1367.jpg,Halo-halo
image_1368.jpg,Halo-halo
image_1369.jpg,Halo-halo
image_1370.jpg,Halo-halo
image_1371.jpg,Halo-halo
image_1372.jpg,Halo-halo
image_1373.jpg,Halo-halo
image_1374.jpg,Halo-halo
image_1375.jpg,Halo-halo
image_1376.jpg,Halo-halo
image_1377.jpg,Halo-halo
image_1378.jpg,Halo-halo
image_1379.jpg,Halo-halo
image_1380.jpg,Halo-halo
image_1381.jpg,Halo-halo
image_1382.jpg,Halo-halo
image_1383.jpg,Halo-halo
image_1384.jpg,Halo-halo
image_1385.jpg,Halo-halo
image_1386.jpg,Halo-halo
image_1387.jpg,Halo-halo
image_1388.jpg,Halo-halo
image_1389.jpg,Halo-halo
image_1390.jpg,Halo-halo
image_1391.jpg,Halo-halo
image_1392.jpg,Halo-halo
image_1393.jpg,Halo-halo
image_1394.jpg,Halo-halo
image_1395.jpg,Halo-halo
image_1396.jpg,Halo-halo
image_1397.jpg,Halo-halo
image_1398.jpg,Halo-halo
image_1399.jpg,Halo-halo
image_1400.jpg,Halo-halo
image_1401.jpg,Halo-halo
image_1402.jpg,Halo-halo
image_1403.jpg,Halo-halo
image_1404.jpg,Halo-halo
image_1405.jpg,Halo-halo
image_1406.jpg,Halo-halo
image_1407.jpg,Halo-halo
image_1408.jpg,Halo-halo
image_1409.jpg,Halo-halo
image_1410.jpg,Halo-halo
image_1411.jpg,Halo-halo
image_1412.jpg,Halo-halo
image_1413.jpg,Halo-halo
image_1414.jpg,Halo-halo
image_1415.jpg,Halo-halo
image_1416.jpg,Halo-halo
image_1417.jpg,Halo-halo
image_1418.jpg,Halo-halo
image_1419.jpg,Halo-halo
