image_1420.jpg,Kinilaw
image_1421.jpg,Kinilaw
image_1422.jpg,Kinilaw
image_1423.jpg,Kinilaw
image_1424.jpg,Kinilaw
image_1425.jpg,Kinilaw
image_1426.jpg,Kinilaw
image_1427.jpg,Kinilaw
image_1428.jpg,Kinilaw
image_1429.jpg,Kinilaw
image_1430.jpg,Kinilaw
image_1431.jpg,Kinilaw
image_1432.jpg,Kinilaw
image_1433.jpg,Kinilaw
image_1434.jpg,Kinilaw
image_1435.jpg,Kinilaw
image_1436.jpg,Kinilaw
image_1437.jpg,Kinilaw
image_1438.jpg,Kinilaw
image_1439.jpg,Kinilaw
image_1440.jpg,Kinilaw
image_1441.jpg,Kinilaw
image_1442.jpg,Kinilaw
image_1443.jpg,Kinilaw
image_1444.jpg,Kinilaw
image_1445.jpg,Kinilaw
image_1446.jpg,Kinilaw
image_1447.jpg,Kinilaw
image_1448.jpg,Kinilaw
image_1449.jpg,Kinilaw
image_1450.jpg,Kinilaw
image_1451.jpg,Kinilaw
image_1452.jpg,Kinilaw
image_1453.jpg,Kinilaw
image_1454.jpg,Kinilaw
image_1455.jpg,Kinilaw
image_1456.jpg,Kinilaw
image_1457.jpg,Kinilaw
image_1458.jpg,Kinilaw
image_1459.jpg,Kinilaw
image_1460.jpg,Kinilaw
image_1461.jpg,Kinilaw
image_1462.jpg,Kinilaw
image_1463.jpg,Kinilaw
image_1464.jpg,Kinilaw
image_1465.jpg,Kinilaw
image_1466.jpg,Kinilaw
image_1467.jpg,Kinilaw
image_1468.jpg,Kinilaw
image_1469.jpg,Kinilaw
image_1470.jpg,Kinilaw
image_1471.jpg,Kinilaw
image_1472.jpg,Kinilaw
image_1473.jpg,Kinilaw
image_1474.jpg,Kinilaw
image_1475.jpg,Kinilaw
image_1476.jpg,Kinilaw
image_1477.jpg,Kinilaw
image_1478.jpg,Kinilaw
image_1479.jpg,Kinilaw
image_1480.jpg,Kinilaw
image_1481.jpg,Kinilaw
image_1482.jpg,Kinilaw
image_1483.jpg,Kinilaw
image_1484.jpg,Kinilaw
image_1485.jpg,Kinilaw
image_1486.jpg,Kinilaw
image_1487.jpg,Kinilaw
image_1488.jpg,Kinilaw
image_1489.jpg,Kinilaw
image_1490.jpg,Kinilaw
image_1491.jpg,Kinilaw
