image_1718.jpg,Lechon
image_1719.jpg,Lechon
image_1720.jpg,Lechon
image_1721.jpg,Lechon
image_1722.jpg,Lechon
image_1723.jpg,Lechon
image_1724.jpg,Lechon
image_1725.jpg,Lechon
image_1726.jpg,Lechon
image_1727.jpg,Lechon
image_1728.jpg,Lechon
image_1729.jpg,Lechon
image_1730.jpg,Lechon
image_1731.jpg,Lechon
image_1732.jpg,Lechon
image_1733.jpg,Lechon
image_1734.jpg,Lechon
image_1735.jpg,Lechon
image_1736.jpg,Lechon
image_1737.jpg,Lechon
image_1738.jpg,Lechon
image_1739.jpg,Lechon
image_1740.jpg,Lechon
image_1741.jpg,Lechon
image_1742.jpg,Lechon
image_1743.jpg,Lechon
image_1744.jpg,Lechon
image_1745.jpg,Lechon
image_1746.jpg,Lechon
image_1747.jpg,Lechon
image_1748.jpg,Lechon
image_1749.jpg,Lechon
image_1750.jpg,Lechon
image_1751.jpg,Lechon
image_1752.jpg,Lechon
image_1753.jpg,Lechon
image_1754.jpg,Lechon
image_1755.jpg,Lechon
image_1756.jpg,Lechon
image_1757.jpg,Lechon
image_1758.jpg,Lechon
image_1759.jpg,Lechon
image_1760.jpg,Lechon
image_1761.jpg,Lechon
image_1762.jpg,Lechon
image_1763.jpg,Lechon
image_1764.jpg,Lechon
image_1765.jpg,Lechon
image_1766.jpg,Lechon
image_1767.jpg,Lechon
image_1768.jpg,Lechon
image_1769.jpg,Lechon
image_1770.jpg,Lechon
image_1771.jpg,Lechon
image_1772.jpg,Lechon
image_1773.jpg,Lechon
image_1774.jpg,Lechon
image_1775.jpg,Lechon
image_1776.jpg,Lechon
image_1777.jpg,Lechon
image_1778.jpg,Lechon
image_1779.jpg,Lechon
image_1780.jpg,Lechon
