image_1859.jpg,Lumpia
image_1860.jpg,Lumpia
image_1861.jpg,Lumpia
image_1862.jpg,Lumpia
image_1863.jpg,Lumpia
image_1864.jpg,Lumpia
image_1865.jpg,Lumpia
image_1866.jpg,Lumpia
image_1867.jpg,Lumpia
image_1868.jpg,Lumpia
image_1869.jpg,Lumpia
image_1870.jpg,Lumpia
image_1871.jpg,Lumpia
image_1872.jpg,Lumpia
image_1873.jpg,Lumpia
image_1874.jpg,Lumpia
image_1875.jpg,Lumpia
image_1876.jpg,Lumpia
image_1877.jpg,Lumpia
image_1878.jpg,Lumpia
image_1879.jpg,Lumpia
image_1880.jpg,Lumpia
image_1881.jpg,Lumpia
image_1882.jpg,Lumpia
image_1883.jpg,Lumpia
image_1884.jpg,Lumpia
image_1885.jpg,Lumpia
image_1886.jpg,Lumpia
image_1887.jpg,Lumpia
image_1888.jpg,Lumpia
image_1889.jpg,Lumpia
image_1890.jpg,Lumpia
image_1891.jpg,Lumpia
image_1892.jpg,Lumpia
image_1893.jpg,Lumpia
image_1894.jpg,Lumpia
image_1895.jpg,Lumpia
image_1896.jpg,Lumpia
image_1897.jpg,Lumpia
image_1898.jpg,Lumpia
image_1899.jpg,Lumpia
image_1900.jpg,Lumpia
image_1901.jpg,Lumpia
image_1902.jpg,Lumpia
image_1903.jpg,Lumpia
image_1904.jpg,Lumpia
image_1905.jpg,Lumpia
image_1906.jpg,Lumpia
image_1907.jpg,Lumpia
image_1908.jpg,Lumpia
image_1909.jpg,Lumpia
image_1910.jpg,Lumpia
image_1911.jpg,Lumpia
image_1912.jpg,Lumpia
image_1913.jpg,Lumpia
image_1914.jpg,Lumpia
image_1915.jpg,Lumpia
image_1916.jpg,Lumpia
image_1917.jpg,Lumpia
image_1918.jpg,Lumpia
image_1919.jpg,Lumpia
image_1920.jpg,Lumpia
image_1921.jpg,Lumpia
image_1922.jpg,Lumpia
image_1923.jpg,Lumpia
image_1924.jpg,Lumpia
image_1925.jpg,Lumpia
image_1926.jpg,Lumpia
image_1927.jpg,Lumpia
image_1928.jpg,Lumpia
image_1929.jpg,Lumpia
image_1930.jpg,Lumpia
image_1931.jpg,Lumpia
image_1932.jpg,Lumpia
image_1933.jpg,Lumpia
image_1934.jpg,Lumpia
image_1935.jpg,Lumpia
image_1936.jpg,Lumpia
image_1937.jpg,Lumpia
image_1938.jpg,Lumpia
image_1939.jpg,Lumpia
image_1940.jpg,Lumpia
image_1941.jpg,Lumpia
image_1942.jpg,Lumpia
image_1943.jpg,Lumpia
image_1944.jpg,Lumpia
image_1945.jpg,Lumpia
image_1946.jpg,Lumpia
image_1947.jpg,Lumpia
image_1948.jpg,Lumpia
image_1949.jpg,Lumpia
image_1950.jpg,Lumpia
image_1951.jpg,Lumpia
image_1952.jpg,Lumpia
image_1953.jpg,Lumpia
image_1954.jpg,Lumpia
image_1955.jpg,Lumpia
image_1956.jpg,Lumpia
image_1957.jpg,Lumpia
image_1958.jpg,Lumpia
image_1959.jpg,Lumpia
image_1960.jpg,Lumpia
image_1961.jpg,Lumpia
image_1962.jpg,Lumpia
image_1963.jpg,Lumpia
image_1964.jpg,Lumpia
image_1965.jpg,Lumpia
image_1966.jpg,Lumpia
image_1967.jpg,Lumpia
image_1968.jpg,Lumpia
