image_2096.jpg,Pancit Palabok
image_2097.jpg,Pancit Palabok
image_2098.jpg,Pancit Palabok
image_2099.jpg,Pancit Palabok
image_2100.jpg,Pancit Palabok
image_2101.jpg,Pancit Palabok
image_2102.jpg,Pancit Palabok
image_2103.jpg,Pancit Palabok
image_2104.jpg,Pancit Palabok
image_2105.jpg,Pancit Palabok
image_2106.jpg,Pancit Palabok
image_2107.jpg,Pancit Palabok
image_2108.jpg,Pancit Palabok
image_2109.jpg,Pancit Palabok
image_2110.jpg,Pancit Palabok
image_2111.jpg,Pancit Palabok
image_2112.jpg,Pancit Palabok
image_2113.jpg,Pancit Palabok
image_2114.jpg,Pancit Palabok
image_2115.jpg,Pancit Palabok
image_2116.jpg,Pancit Palabok
image_2117.jpg,Pancit Palabok
image_2118.jpg,Pancit Palabok
image_2119.jpg,Pancit Palabok
image_2120.jpg,Pancit Palabok
image_2121.jpg,Pancit Palabok
image_2122.jpg,Pancit Palabok
image_2123.jpg,Pancit Palabok
image_2124.jpg,Pancit Palabok
image_2125.jpg,Pancit Palabok
image_2126.jpg,Pancit Palabok
image_2127.jpg,Pancit Palabok
image_2128.jpg,Pancit Palabok
image_2129.jpg,Pancit Palabok
image_2130.jpg,Pancit Palabok
image_2131.jpg,Pancit Palabok
image_2132.jpg,Pancit Palabok
image_2133.jpg,Pancit Palabok
image_2134.jpg,Pancit Palabok
image_2135.jpg,Pancit Palabok
image_2136.jpg,Pancit Palabok
image_2137.jpg,Pancit Palabok
image_2138.jpg,Pancit Palabok
image_2139.jpg,Pancit Palabok
image_2140.jpg,Pancit Palabok
image_2141.jpg,Pancit Palabok
image_2142.jpg,Pancit Palabok
image_2143.jpg,Pancit Palabok
image_2144.jpg,Pancit Palabok
image_2145.jpg,Pancit Palabok
image_2146.jpg,Pancit Palabok
image_2147.jpg,Pancit Palabok
image_2148.jpg,Pancit Palabok
image_2149.jpg,Pancit Palabok
image_2150.jpg,Pancit Palabok
image_2151.jpg,Pancit Palabok
image_2152.jpg,Pancit Palabok
image_2153.jpg,Pancit Palabok
image_2154.jpg,Pancit Palabok
image_2155.jpg,Pancit Palabok
