image_2340.jpg,Pork Barbecue
image_2341.jpg,Pork Barbecue
image_2342.jpg,Pork Barbecue
image_2343.jpg,Pork Barbecue
image_2344.jpg,Pork Barbecue
image_2345.jpg,Pork Barbecue
image_2346.jpg,Pork Barbecue
image_2347.jpg,Pork Barbecue
image_2348.jpg,Pork Barbecue
image_2349.jpg,Pork Barbecue
image_2350.jpg,Pork Barbecue
image_2351.jpg,Pork Barbecue
image_2352.jpg,Pork Barbecue
image_2353.jpg,Pork Barbecue
image_2354.jpg,Pork Barbecue
image_2355.jpg,Pork Barbecue
image_2356.jpg,Pork Barbecue
image_2357.jpg,Pork Barbecue
image_2358.jpg,Pork Barbecue
image_2359.jpg,Pork Barbecue
image_2360.jpg,Pork Barbecue
image_2361.jpg,Pork Barbecue
image_2362.jpg,Pork Barbecue
image_2363.jpg,Pork Barbecue
image_2364.jpg,Pork Barbecue
image_2365.jpg,Pork Barbecue
image_2366.jpg,Pork Barbecue
image_2367.jpg,Pork Barbecue
image_2368.jpg,Pork Barbecue
image_2369.jpg,Pork Barbecue
image_2370.jpg,Pork Barbecue
image_2371.jpg,Pork Barbecue
image_2372.jpg,Pork Barbecue
image_2373.jpg,Pork Barbecue
image_2374.jpg,Pork Barbecue
image_2375.jpg,Pork Barbecue
image_2376.jpg,Pork Barbecue
image_2377.jpg,Pork Barbecue
image_2378.jpg,Pork Barbecue
image_2379.jpg,Pork Barbecue
image_2380.jpg,Pork Barbecue
image_2381.jpg,Pork Barbecue
image_2382.jpg,Pork Barbecue
image_2383.jpg,Pork Barbecue
image_2384.jpg,Pork Barbecue
image_2385.jpg,Pork Barbecue
image_2386.jpg,Pork Barbecue
image_2387.jpg,Pork Barbecue
image_2388.jpg,Pork Barbecue
image_2389.jpg,Pork Barbecue
image_2390.jpg,Pork Barbecue
image_2391.jpg,Pork Barbecue
image_2392.jpg,Pork Barbecue
image_2393.jpg,Pork Barbecue
image_2394.jpg,Pork Barbecue
image_2395.jpg,Pork Barbecue
image_2396.jpg,Pork Barbecue
image_2397.jpg,Pork Barbecue
image_2398.jpg,Pork Barbecue
image_2399.jpg,Pork Barbecue
image_2400.jpg,Pork Barbecue
image_2401.jpg,Pork Barbecue
image_2402.jpg,Pork Barbecue
image_2403.jpg,Pork Barbecue
image_2404.jpg,Pork Barbecue
image_2405.jpg,Pork Barbecue
image_2406.jpg,Pork Barbecue
image_2407.jpg,Pork Barbecue
image_2408.jpg,Pork Barbecue
image_2409.jpg,Pork Barbecue
image_2410.jpg,Pork Barbecue
image_2411.jpg,Pork Barbecue
image_2412.jpg,Pork Barbecue
image_2413.jpg,Pork Barbecue
image_2414.jpg,Pork Barbecue
image_2415.jpg,Pork Barbecue
image_2416.jpg,Pork Barbecue
image_2417.jpg,Pork Barbecue
image_2418.jpg,Pork Barbecue
image_2419.jpg,Pork Barbecue
image_2420.jpg,Pork Barbecue
image_2421.jpg,Pork Barbecue
image_2422.jpg,Pork Barbecue
image_2423.jpg,Pork Barbecue
image_2424.jpg,Pork Barbecue
image_2425.jpg,Pork Barbecue
image_2426.jpg,Pork Barbecue
image_2427.jpg,Pork Barbecue
image_2428.jpg,Pork Barbecue
image_2429.jpg,Pork Barbecue
image_2430.jpg,Pork Barbecue
image_2431.jpg,Pork Barbecue
image_2432.jpg,Pork Barbecue
image_2433.jpg,Pork Barbecue
image_2434.jpg,Pork Barbecue
image_2435.jpg,Pork Barbecue
image_2436.jpg,Pork Barbecue
image_2437.jpg,Pork Barbecue
image_2438.jpg,Pork Barbecue
image_2439.jpg,Pork Barbecue
image_2440.jpg,Pork Barbecue
image_2441.jpg,Pork Barbecue
