image_2442.jpg,Pork Sisig
image_2443.jpg,Pork Sisig
image_2444.jpg,Pork Sisig
image_2445.jpg,Pork Sisig
image_2446.jpg,Pork Sisig
image_2447.jpg,Pork Sisig
image_2448.jpg,Pork Sisig
image_2449.jpg,Pork Sisig
image_2450.jpg,Pork Sisig
image_2451.jpg,Pork Sisig
image_2452.jpg,Pork Sisig
image_2453.jpg,Pork Sisig
image_2454.jpg,Pork Sisig
image_2455.jpg,Pork Sisig
image_2456.jpg,Pork Sisig
image_2457.jpg,Pork Sisig
image_2458.jpg,Pork Sisig
image_2459.jpg,Pork Sisig
image_2460.jpg,Pork Sisig
image_2461.jpg,Pork Sisig
image_2462.jpg,Pork Sisig
image_2463.jpg,Pork Sisig
image_2464.jpg,Pork Sisig
image_2465.jpg,Pork Sisig
image_2466.jpg,Pork Sisig
image_2467.jpg,Pork Sisig
image_2468.jpg,Pork Sisig
image_2469.jpg,Pork Sisig
image_2470.jpg,Pork Sisig
image_2471.jpg,Pork Sisig
image_2472.jpg,Pork Sisig
image_2473.jpg,Pork Sisig
image_2474.jpg,Pork Sisig
image_2475.jpg,Pork Sisig
image_2476.jpg,Pork Sisig
image_2477.jpg,Pork Sisig
image_2478.jpg,Pork Sisig
image_2479.jpg,Pork Sisig
image_2480.jpg,Pork Sisig
image_2481.jpg,Pork Sisig
image_2482.jpg,Pork Sisig
image_2483.jpg,Pork Sisig
image_2484.jpg,Pork Sisig
image_2485.jpg,Pork Sisig
image_2486.jpg,Pork Sisig
image_2487.jpg,Pork Sisig
image_2488.jpg,Pork Sisig
image_2489.jpg,Pork Sisig
image_2490.jpg,Pork Sisig
image_2491.jpg,Pork Sisig
image_2492.jpg,Pork Sisig
image_2493.jpg,Pork Sisig
image_2494.jpg,Pork Sisig
image_2495.jpg,Pork Sisig
image_2496.jpg,Pork Sisig
image_2497.jpg,Pork Sisig
image_2498.jpg,Pork Sisig
image_2499.jpg,Pork Sisig
image_2500.jpg,Pork Sisig
image_2501.jpg,Pork Sisig
image_2502.jpg,Pork Sisig
image_2503.jpg,Pork Sisig
image_2504.jpg,Pork Sisig
image_2505.jpg,Pork Sisig
image_2506.jpg,Pork Sisig
image_2507.jpg,Pork Sisig
image_2508.jpg,Pork Sisig
image_2509.jpg,Pork Sisig
image_2510.jpg,Pork Sisig
image_2511.jpg,Pork Sisig
image_2512.jpg,Pork Sisig
image_2513.jpg,Pork Sisig
image_2514.jpg,Pork Sisig
image_2515.jpg,Pork Sisig
image_2516.jpg,Pork Sisig
image_2517.jpg,Pork Sisig
image_2518.jpg,Pork Sisig
image_2519.jpg,Pork Sisig
image_2520.jpg,Pork Sisig
image_2521.jpg,Pork Sisig
