image_2626.jpg,Taho
image_2627.jpg,Taho
image_2628.jpg,Taho
image_2629.jpg,Taho
image_2630.jpg,Taho
image_2631.jpg,Taho
image_2632.jpg,Taho
image_2633.jpg,Taho
image_2634.jpg,Taho
image_2635.jpg,Taho
image_2636.jpg,Taho
image_2637.jpg,Taho
image_2638.jpg,Taho
image_2639.jpg,Taho
image_2640.jpg,Taho
image_2641.jpg,Taho
image_2642.jpg,Taho
image_2643.jpg,Taho
image_2644.jpg,Taho
image_2645.jpg,Taho
image_2646.jpg,Taho
image_2647.jpg,Taho
image_2648.jpg,Taho
image_2649.jpg,Taho
image_2650.jpg,Taho
image_2651.jpg,Taho
image_2652.jpg,Taho
image_2653.jpg,Taho
image_2654.jpg,Taho
image_2655.jpg,Taho
image_2656.jpg,Taho
image_2657.jpg,Taho
image_2658.jpg,Taho
image_2659.jpg,Taho
image_2660.jpg,Taho
image_2661.jpg,Taho
image_2662.jpg,Taho
image_2663.jpg,Taho
image_2664.jpg,Taho
image_2665.jpg,Taho
image_2666.jpg,Taho
image_2667.jpg,Taho
image_2668.jpg,Taho
image_2669.jpg,Taho
image_2670.jpg,Taho
image_2671.jpg,Taho
image_2672.jpg,Taho
image_2673.jpg,Taho
image_2674.jpg,Taho
image_2675.jpg,Taho
image_2676.jpg,Taho
image_2677.jpg,Taho
image_2678.jpg,Taho
image_2679.jpg,Taho
image_2680.jpg,Taho
image_2681.jpg,Taho
image_2682.jpg,Taho
image_2683.jpg,Taho
image_2684.jpg,Taho
image_2685.jpg,Taho
image_2686.jpg,Taho
image_2687.jpg,Taho
image_2688.jpg,Taho
image_2689.jpg,Taho
image_2690.jpg,Taho
image_2691.jpg,Taho
image_2692.jpg,Taho
image_2693.jpg,Taho
image_2694.jpg,Taho
image_2695.jpg,Taho
image_2696.jpg,Taho
