image_2697.jpg,Tinola
image_2698.jpg,Tinola
image_2699.jpg,Tinola
image_2700.jpg,Tinola
image_2701.jpg,Tinola
image_2702.jpg,Tinola
image_2703.jpg,Tinola
image_2704.jpg,Tinola
image_2705.jpg,Tinola
image_2706.jpg,Tinola
image_2707.jpg,Tinola
image_2708.jpg,Tinola
image_2709.jpg,Tinola
image_2710.jpg,Tinola
image_2711.jpg,Tinola
image_2712.jpg,Tinola
image_2713.jpg,Tinola
image_2714.jpg,Tinola
image_2715.jpg,Tinola
image_2716.jpg,Tinola
image_2717.jpg,Tinola
image_2718.jpg,Tinola
image_2719.jpg,Tinola
image_2720.jpg,Tinola
image_2721.jpg,Tinola
image_2722.jpg,Tinola
image_2723.jpg,Tinola
image_2724.jpg,Tinola
image_2725.jpg,Tinola
image_2726.jpg,Tinola
image_2727.jpg,Tinola
image_2728.jpg,Tinola
image_2729.jpg,Tinola
image_2730.jpg,Tinola
image_2731.jpg,Tinola
image_2732.jpg,Tinola
image_2733.jpg,Tinola
image_2734.jpg,Tinola
image_2735.jpg,Tinola
image_2736.jpg,Tinola
image_2737.jpg,Tinola
image_2738.jpg,Tinola
image_2739.jpg,Tinola
image_2740.jpg,Tinola
image_2741.jpg,Tinola
image_2742.jpg,Tinola
image_2743.jpg,Tinola
image_2744.jpg,Tinola
image_2745.jpg,Tinola
image_2746.jpg,Tinola
image_2747.jpg,Tinola
image_2748.jpg,Tinola
image_2749.jpg,Tinola
image_2750.jpg,Tinola
image_2751.jpg,Tinola
image_2752.jpg,Tinola
image_2753.jpg,Tinola
image_2754.jpg,Tinola
image_2755.jpg,Tinola
image_2756.jpg,Tinola
image_2757.jpg,Tinola
image_2758.jpg,Tinola
image_2759.jpg,Tinola
image_2760.jpg,Tinola
image_2761.jpg,Tinola
image_2762.jpg,Tinola
image_2763.jpg,Tinola
image_2764.jpg,Tinola
image_2765.jpg,Tinola
image_2766.jpg,Tinola
image_2767.jpg,Tinola
image_2768.jpg,Tinola
image_2769.jpg,Tinola
image_2770.jpg,Tinola
image_2771.jpg,Tinola
image_2772.jpg,Tinola
image_2773.jpg,Tinola
image_2774.jpg,Tinola
image_2775.jpg,Tinola
image_2776.jpg,Tinola
image_2777.jpg,Tinola
image_2778.jpg,Tinola
image_2779.jpg,Tinola
image_2780.jpg,Tinola
image_2781.jpg,Tinola
image_2782.jpg,Tinola
image_2783.jpg,Tinola
image_2784.jpg,Tinola
image_2785.jpg,Tinola
image_2786.jpg,Tinola
image_2787.jpg,Tinola
image_2788.jpg,Tinola
image_2789.jpg,Tinola
image_2790.jpg,Tinola
image_2791.jpg,Tinola
image_2792.jpg,Tinola
image_2793.jpg,Tinola
image_2794.jpg,Tinola
image_2795.jpg,Tinola
image_2796.jpg,Tinola
image_2797.jpg,Tinola
image_2798.jpg,Tinola
image_2799.jpg,Tinola
image_2800.jpg,Tinola
image_2801.jpg,Tinola
image_2802.jpg,Tinola
image_2803.jpg,Tinola
image_2804.jpg,Tinola
image_2805.jpg,Tinola
image_2806.jpg,Tinola
image_2807.jpg,Tinola
image_2808.jpg,Tinola
image_2809.jpg,Tinola
image_2810.jpg,Tinola
image_2811.jpg,Tinola
image_2812.jpg,Tinola
image_2813.jpg,Tinola
image_2814.jpg,Tinola
image_2815.jpg,Tinola
image_2816.jpg,Tinola
image_2817.jpg,Tinola
image_2818.jpg,Tinola
image_2819.jpg,Tinola
image_2820.jpg,Tinola
image_2821.jpg,Tinola
image_2822.jpg,Tinola
image_2823.jpg,Tinola
image_2824.jpg,Tinola
image_2825.jpg,Tinola
