https://encrypted-tbn0.gstatic.com/images?q=tbn%3AANd9GcSYD9B4QrEBHyrZ-pGqfTS7E1zmVy7pGRMzaXN3Jqpla86g66iZ&usqp=CAU,Longganisa
https://encrypted-tbn0.gstatic.com/images?q=tbn%3AANd9GcR_ID9TcIo4y_QxeiGMIHVhquvnvMpDykQ4r3u8miVdoosX9Qpc&usqp=CAU,Longganisa
https://encrypted-tbn0.gstatic.com/images?q=tbn%3AANd9GcS0D5y3o7Jv6WquOs56cwlZbxmsstHFmwfNxnTkOBNHAAA7J-Dq&usqp=CAU,Longganisa
https://encrypted-tbn0.gstatic.com/images?q=tbn%3AANd9GcQS1hJMdmKKHY0bGMa_Ur4yjX3-o3ZyPMD4ecEdn4x0cSP-4KyQ&usqp=CAU,Longganisa
https://encrypted-tbn0.gstatic.com/images?q=tbn%3AANd9GcQxCZIOhMxSf_p5cGCG5QIPNINk1BOUmkU5vqIY1Os_5qOYx924&usqp=CAU,Longganisa
https://encrypted-tbn0.gstatic.com/images?q=tbn%3AANd9GcQHMh9yWOtfio9Aykj4fXFD-Qg8Go129lV1uACZwqneZ5tqPysO&usqp=CAU,Longganisa
https://encrypted-tbn0.gstatic.com/images?q=tbn%3AANd9GcRRTqi3it7VcRfXA56Lz2d8PgTa5Er3Eb3O6vvk_LatEhy9wlE-&usqp=CAU,Longganisa
https://encrypted-tbn0.gstatic.com/images?q=tbn%3AANd9GcSota389SfUZqn3AsjLG87hlXH6AF7Cg4x5_bgWGB2pjTLffzYC&usqp=CAU,Longganisa
https://encrypted-tbn0.gstatic.com/images?q=tbn%3AANd9GcSrjeVkuy1hK8bc8CqPjUYA3umgrJuOc2aTZ3-wJQpWyEvHya3A&usqp=CAU,Longganisa
https://encrypted-tbn0.gstatic.com/images?q=tbn%3AANd9GcS_ThNUQR3WM05XboseY7gT8yqyGM_OBziVimE1VDgonwqxiDIC&usqp=CAU,Longganisa
https://encrypted-tbn0.gstatic.com/images?q=tbn%3AANd9GcT2qxR6gA8BfaFe9AWcGXD0Oqf-iWp1iLLH_zOE_vHnIrNr-gia&usqp=CAU,Longganisa
https://encrypted-tbn0.gstatic.com/images?q=tbn%3AANd9GcRoyO6ah2KHwFjCuLe7H5kTt1WYDigvQUxEujs-83et-b_zDuvu&usqp=CAU,Longganisa
https://encrypted-tbn0.gstatic.com/images?q=tbn%3AANd9GcS2eKcyHhcGMlOs2Ss_S3bKa8ZRlRu3DKi6iLW5mWS083lo5TLO&usqp=CAU,Longganisa
https://encrypted-tbn0.gstatic.com/images?q=tbn%3AANd9GcT-3TuMYBuTD1azLnfYhO66Ys18je9efZZy1kJyrRDn6ebgJRfz&usqp=CAU,Longganisa
https://encrypted-tbn0.gstatic.com/images?q=tbn%3AANd9GcQOO9GyOqP_EN2XBnr0OvclNBiIOrBGm5PfdSe2zoYNkPwU5GKC&usqp=CAU,Longganisa
https://encrypted-tbn0.gstatic.com/images?q=tbn%3AANd9GcRKQqyFnYOquP4S5790W7cFwGb0MU908ykoPCwYeAngmGsddDDE&usqp=CAU,Longganisa
https://encrypted-tbn0.gstatic.com/images?q=tbn%3AANd9GcTv492gkbdoLBUUJeGuhiFPGdnPPMVAd6HaHhobJpWd1WJypApo&usqp=CAU,Longganisa
https://encrypted-tbn0.gstatic.com/images?q=tbn%3AANd9GcSxtOFb_fm_r99wETsZdALFzvoqzoWf4aXfwuLyyWGnJr3uxXTj&usqp=CAU,Longganisa
https://encrypted-tbn0.gstatic.com/images?q=tbn%3AANd9GcRhQhHoX9f1oa2nMKNYcaefWrilypCQe6SVEXyZUdcg8jnmrtTN&usqp=CAU,Longganisa
https://encrypted-tbn0.gstatic.com/images?q=tbn%3AANd9GcRT5-efvBvpVNrNzqVEiKhoenJ0Q7OCx7JdAxYrs3dn4DGTjAVD&usqp=CAU,Longganisa
https://encrypted-tbn0.gstatic.com/images?q=tbn%3AANd9GcRsSKsJNDzJAIIkiK9tY5TJ48LTBGeggK1qfzRU96WkGM16YhKR&usqp=CAU,Longganisa
https://encrypted-tbn0.gstatic.com/images?q=tbn%3AANd9GcT5xDdZPhlZlvlG1YV0dHa_ApKPQxL-0E-mxhtDicP0XYJkUIN4&usqp=CAU,Longganisa
https://encrypted-tbn0.gstatic.com/images?q=tbn%3AANd9GcQjqjoFhyus4WTksMkjQ2Y4LZrT7TvWmkD6f3pIP39k5UkcKNJh&usqp=CAU,Longganisa
https://encrypted-tbn0.gstatic.com/images?q=tbn%3AANd9GcSYDVZsfpEAOvc2QzKEbmrXcp_7nzfDtCeatXhOZF-ga-4SHDQW&usqp=CAU,Longganisa
https://encrypted-tbn0.gstatic.com/images?q=tbn%3AANd9GcTVQKRcUwDx95MuXSgjerNBnSza-d7PxQm5EcaiA--D7jRCQ7jW&usqp=CAU,Longganisa
https://encrypted-tbn0.gstatic.com/images?q=tbn%3AANd9GcQIeT-QtzXN5dDflD2qW8R2TqFCOjw8Od5Jw3OL7fpLy8plKOSY&usqp=CAU,Longganisa
https://encrypted-tbn0.gstatic.com/images?q=tbn%3AANd9GcQSoujLBCruX8SKLqjmBnhKhpw4TchSMdIOgrD-x0LqmVG5yt-_&usqp=CAU,Longganisa
https://encrypted-tbn0.gstatic.com/images?q=tbn%3AANd9GcQrTCS11M8uDgDARp00n0-tz_dzxwYixjcvfwaQkzO6giKhtNdc&usqp=CAU,Longganisa
https://encrypted-tbn0.gstatic.com/images?q=tbn%3AANd9GcRJMARorIZpu6dv5dIMbh3Mh_-DhWBy_DyinXmD2YHqlQu9kFrZ&usqp=CAU,Longganisa
https://encrypted-tbn0.gstatic.com/images?q=tbn%3AANd9GcT9C4VQMBb5nL7G3vrPtfc2xT08WvZmXGjTYvLpUEM3x7wpzhe8&usqp=CAU,Longganisa
https://encrypted-tbn0.gstatic.com/images?q=tbn%3AANd9GcRW7RL1sNwq2Noymenv6luVfC3VHMg1K2MxIyxQ7TARlxAfjtYM&usqp=CAU,Longganisa
https://encrypted-tbn0.gstatic.com/images?q=tbn%3AANd9GcT50BMM04a3qmNU_f3lmdnjh9rDYAKoIap1x1I5Y1xBo91sfLYS&usqp=CAU,Longganisa
https://encrypted-tbn0.gstatic.com/images?q=tbn%3AANd9GcSfiPimkO3oMZbwbrrjBnPBfJ5iB--8b_w9ibhwWdjFnWIaElW5&usqp=CAU,Longganisa
https://encrypted-tbn0.gstatic.com/images?q=tbn%3AANd9GcQZEKceDRDI2_gPtsNeX9TYLgeTeAEnkzm8v7ysYNYj4wje8VSe&usqp=CAU,Longganisa
https://encrypted-tbn0.gstatic.com/images?q=tbn%3AANd9GcQflm0TqbskuWqn-iz5_1uAbvbdGLW9xdHw87BXreAtVjy0EUST&usqp=CAU,Longganisa
https://encrypted-tbn0.gstatic.com/images?q=tbn%3AANd9GcSMulHeXXo5pRd3UCjLKhBaStRzPzmJn5mB_2L5WqA8AcwZ-l9G&usqp=CAU,Longganisa
https://encrypted-tbn0.gstatic.com/images?q=tbn%3AANd9GcQQErA8eWwW2dZcU01TWbYaL7xxm5r5jzAXW-XvyFjbLNy6WUP-&usqp=CAU,Longganisa
https://encrypted-tbn0.gstatic.com/images?q=tbn%3AANd9GcS8j2rrQ3wpm-eMxut-ZMPYCE-U17dsWXUMtT1BH7OlPEUE3xcA&usqp=CAU,Longganisa
https://encrypted-tbn0.gstatic.com/images?q=tbn%3AANd9GcSNedYpjVkEufVTY-KRVk0RJDNmPzevy6rxLmcRt5X3qMRoLYQO&usqp=CAU,Longganisa
https://encrypted-tbn0.gstatic.com/images?q=tbn%3AANd9GcQqezo4NEqU1wR363xOyp06tMc6PZov3mWq3-x93NKO2iW9O4A0&usqp=CAU,Longganisa
https://encrypted-tbn0.gstatic.com/images?q=tbn%3AANd9GcSqlKHG2aSlUsCsXQ6N8-jjAD1sxw0I_-5dxI1Yf-KKeyj27_3y&usqp=CAU,Longganisa
https://encrypted-tbn0.gstatic.com/images?q=tbn%3AANd9GcTyUr-GkgSIWiO1RXfx61aomEYk4vWz4hXjnUWPxqksYb2VTu6w&usqp=CAU,Longganisa
https://encrypted-tbn0.gstatic.com/images?q=tbn%3AANd9GcQv357EZ6PekyLkTRSowi4dG0SIu_jqnY1gelRVU4zuR0v2tXTa&usqp=CAU,Longganisa
https://encrypted-tbn0.gstatic.com/images?q=tbn%3AANd9GcQv0zyUuQ3902c8_MQDFe0eWjzzojms60ibx7B9mhc8a03wmypF&usqp=CAU,Longganisa
https://encrypted-tbn0.gstatic.com/images?q=tbn%3AANd9GcRr9p7mSmO70Qi8qmrCQdKkM3oC5LHt58nDcAy9TU5pFQL6UmpV&usqp=CAU,Longganisa
